endpoint,identity,status,bytes,flag
"POST /api/register","anon",403,54,""
"POST /api/register","nobody",403,52,""
"POST /api/register","viewer",403,52,""
"POST /api/register","portal-admin",403,54,""
"POST /api/register","portal-other",403,54,""
"POST /api/register","portal-driver",403,54,""
"POST /api/login","anon",429,72,""
"POST /api/login","nobody",429,72,""
"POST /api/login","viewer",429,72,""
"POST /api/login","portal-admin",429,72,""
"POST /api/login","portal-other",429,72,""
"POST /api/login","portal-driver",429,72,""
"POST /api/logout","anon",200,37,"non-privileged-2xx"
"POST /api/logout","nobody",200,37,"non-privileged-2xx"
"POST /api/logout","viewer",200,37,"non-privileged-2xx"
"POST /api/logout","portal-admin",200,37,""
"POST /api/logout","portal-other",200,37,"non-privileged-2xx"
"POST /api/logout","portal-driver",200,37,"non-privileged-2xx"
"GET /api/user","anon",401,31,""
"GET /api/user","nobody",401,31,""
"GET /api/user","viewer",401,31,""
"GET /api/user","manager",200,771,""
"GET /api/user","admin",200,470,""
"GET /api/user","portal-admin",401,31,""
"GET /api/user","portal-other",401,31,""
"GET /api/user","portal-driver",401,31,""
"POST /api/session/heartbeat","anon",401,26,""
"POST /api/session/heartbeat","nobody",401,26,""
"POST /api/session/heartbeat","viewer",401,26,""
"POST /api/session/heartbeat","portal-admin",401,26,""
"POST /api/session/heartbeat","portal-other",401,26,""
"POST /api/session/heartbeat","portal-driver",401,26,""
"POST /api/reauthenticate","anon",401,26,""
"POST /api/reauthenticate","nobody",401,26,""
"POST /api/reauthenticate","viewer",401,26,""
"POST /api/reauthenticate","portal-admin",401,26,""
"POST /api/reauthenticate","portal-other",401,26,""
"POST /api/reauthenticate","portal-driver",401,26,""
"GET /health","anon",200,310,""
"GET /health","nobody",200,310,""
"GET /health","viewer",200,310,""
"GET /health","manager",200,310,""
"GET /health","admin",200,310,""
"GET /health","portal-admin",200,310,""
"GET /health","portal-other",200,310,""
"GET /health","portal-driver",200,310,""
"GET /api","anon",200,102,""
"GET /api","nobody",200,102,""
"GET /api","viewer",200,102,""
"GET /api","manager",200,102,""
"GET /api","admin",200,102,""
"GET /api","portal-admin",200,102,""
"GET /api","portal-other",200,102,""
"GET /api","portal-driver",200,102,""
"GET *","anon",-1,0,""
"GET *","nobody",-1,0,""
"GET *","viewer",-1,0,""
"GET *","manager",-1,0,""
"GET *","admin",-1,0,""
"GET *","portal-admin",-1,0,""
"GET *","portal-other",-1,0,""
"GET *","portal-driver",-1,0,""
"GET /api/portal/csrf-token","anon",429,55,""
"GET /api/portal/csrf-token","nobody",429,55,""
"GET /api/portal/csrf-token","viewer",429,55,""
"GET /api/portal/csrf-token","manager",429,55,""
"GET /api/portal/csrf-token","admin",429,55,""
"GET /api/portal/csrf-token","portal-admin",429,55,""
"GET /api/portal/csrf-token","portal-other",429,55,""
"GET /api/portal/csrf-token","portal-driver",429,55,""
"POST /api/portal/login","anon",429,55,""
"POST /api/portal/login","nobody",429,55,""
"POST /api/portal/login","viewer",429,55,""
"POST /api/portal/login","portal-admin",429,55,""
"POST /api/portal/login","portal-other",429,55,""
"POST /api/portal/login","portal-driver",429,55,""
"POST /api/portal/logout","anon",429,55,""
"POST /api/portal/logout","nobody",429,55,""
"POST /api/portal/logout","viewer",429,55,""
"POST /api/portal/logout","portal-admin",429,55,""
"POST /api/portal/logout","portal-other",429,55,""
"POST /api/portal/logout","portal-driver",429,55,""
"GET /api/portal/me","anon",429,55,""
"GET /api/portal/me","nobody",429,55,""
"GET /api/portal/me","viewer",429,55,""
"GET /api/portal/me","manager",429,55,""
"GET /api/portal/me","admin",429,55,""
"GET /api/portal/me","portal-admin",429,55,""
"GET /api/portal/me","portal-other",429,55,""
"GET /api/portal/me","portal-driver",429,55,""
"PATCH /api/portal/me","anon",429,55,""
"PATCH /api/portal/me","nobody",429,55,""
"PATCH /api/portal/me","viewer",429,55,""
"PATCH /api/portal/me","portal-admin",429,55,""
"PATCH /api/portal/me","portal-other",429,55,""
"PATCH /api/portal/me","portal-driver",429,55,""
"POST /api/portal/me/email","anon",429,55,""
"POST /api/portal/me/email","nobody",429,55,""
"POST /api/portal/me/email","viewer",429,55,""
"POST /api/portal/me/email","portal-admin",429,55,""
"POST /api/portal/me/email","portal-other",429,55,""
"POST /api/portal/me/email","portal-driver",429,55,""
"POST /api/portal/me/email/cancel","anon",429,55,""
"POST /api/portal/me/email/cancel","nobody",429,55,""
"POST /api/portal/me/email/cancel","viewer",429,55,""
"POST /api/portal/me/email/cancel","portal-admin",429,55,""
"POST /api/portal/me/email/cancel","portal-other",429,55,""
"POST /api/portal/me/email/cancel","portal-driver",429,55,""
"POST /api/portal/email/confirm","anon",429,55,""
"POST /api/portal/email/confirm","nobody",429,55,""
"POST /api/portal/email/confirm","viewer",429,55,""
"POST /api/portal/email/confirm","portal-admin",429,55,""
"POST /api/portal/email/confirm","portal-other",429,55,""
"POST /api/portal/email/confirm","portal-driver",429,55,""
"PATCH /api/portal/me/company","anon",429,55,""
"PATCH /api/portal/me/company","nobody",429,55,""
"PATCH /api/portal/me/company","viewer",429,55,""
"PATCH /api/portal/me/company","portal-admin",429,55,""
"PATCH /api/portal/me/company","portal-other",429,55,""
"PATCH /api/portal/me/company","portal-driver",429,55,""
"POST /api/portal/me/password","anon",429,55,""
"POST /api/portal/me/password","nobody",429,55,""
"POST /api/portal/me/password","viewer",429,55,""
"POST /api/portal/me/password","portal-admin",429,55,""
"POST /api/portal/me/password","portal-other",429,55,""
"POST /api/portal/me/password","portal-driver",429,55,""
"POST /api/portal/forgot","anon",429,55,""
"POST /api/portal/forgot","nobody",429,55,""
"POST /api/portal/forgot","viewer",429,55,""
"POST /api/portal/forgot","portal-admin",429,55,""
"POST /api/portal/forgot","portal-other",429,55,""
"POST /api/portal/forgot","portal-driver",429,55,""
"POST /api/portal/activate","anon",429,55,""
"POST /api/portal/activate","nobody",429,55,""
"POST /api/portal/activate","viewer",429,55,""
"POST /api/portal/activate","portal-admin",429,55,""
"POST /api/portal/activate","portal-other",429,55,""
"POST /api/portal/activate","portal-driver",429,55,""
"GET /api/vehicles/available","anon",429,55,""
"GET /api/vehicles/available","nobody",429,55,""
"GET /api/vehicles/available","viewer",429,55,""
"GET /api/vehicles/available","manager",429,55,""
"GET /api/vehicles/available","admin",429,55,""
"GET /api/vehicles/available","portal-admin",429,55,""
"GET /api/vehicles/available","portal-other",429,55,""
"GET /api/vehicles/available","portal-driver",429,55,""
"GET /api/vehicles/apk-expiring","anon",429,55,""
"GET /api/vehicles/apk-expiring","nobody",429,55,""
"GET /api/vehicles/apk-expiring","viewer",429,55,""
"GET /api/vehicles/apk-expiring","manager",429,55,""
"GET /api/vehicles/apk-expiring","admin",429,55,""
"GET /api/vehicles/apk-expiring","portal-admin",429,55,""
"GET /api/vehicles/apk-expiring","portal-other",429,55,""
"GET /api/vehicles/apk-expiring","portal-driver",429,55,""
"GET /api/vehicles/warranty-expiring","anon",429,55,""
"GET /api/vehicles/warranty-expiring","nobody",429,55,""
"GET /api/vehicles/warranty-expiring","viewer",429,55,""
"GET /api/vehicles/warranty-expiring","manager",429,55,""
"GET /api/vehicles/warranty-expiring","admin",429,55,""
"GET /api/vehicles/warranty-expiring","portal-admin",429,55,""
"GET /api/vehicles/warranty-expiring","portal-other",429,55,""
"GET /api/vehicles/warranty-expiring","portal-driver",429,55,""
"GET /api/vehicles/service-due","anon",429,55,""
"GET /api/vehicles/service-due","nobody",429,55,""
"GET /api/vehicles/service-due","viewer",429,55,""
"GET /api/vehicles/service-due","manager",429,55,""
"GET /api/vehicles/service-due","admin",429,55,""
"GET /api/vehicles/service-due","portal-admin",429,55,""
"GET /api/vehicles/service-due","portal-other",429,55,""
"GET /api/vehicles/service-due","portal-driver",429,55,""
"POST /api/vehicles/service-due/scan","anon",429,55,""
"POST /api/vehicles/service-due/scan","nobody",429,55,""
"POST /api/vehicles/service-due/scan","viewer",429,55,""
"POST /api/vehicles/service-due/scan","portal-admin",429,55,""
"POST /api/vehicles/service-due/scan","portal-other",429,55,""
"POST /api/vehicles/service-due/scan","portal-driver",429,55,""
"GET /api/vehicles/:vehicleId/overlaps","anon",429,55,""
"GET [999999999] /api/vehicles/:vehicleId/overlaps","anon",429,55,""
"GET /api/vehicles/:vehicleId/overlaps","nobody",429,55,""
"GET [999999999] /api/vehicles/:vehicleId/overlaps","nobody",429,55,""
"GET /api/vehicles/:vehicleId/overlaps","viewer",429,55,""
"GET [999999999] /api/vehicles/:vehicleId/overlaps","viewer",429,55,""
"GET /api/vehicles/:vehicleId/overlaps","manager",429,55,""
"GET [999999999] /api/vehicles/:vehicleId/overlaps","manager",429,55,""
"GET /api/vehicles/:vehicleId/overlaps","admin",429,55,""
"GET [999999999] /api/vehicles/:vehicleId/overlaps","admin",429,55,""
"GET /api/vehicles/:vehicleId/overlaps","portal-admin",429,55,""
"GET [999999999] /api/vehicles/:vehicleId/overlaps","portal-admin",429,55,""
"GET /api/vehicles/:vehicleId/overlaps","portal-other",429,55,""
"GET [999999999] /api/vehicles/:vehicleId/overlaps","portal-other",429,55,""
"GET /api/vehicles/:vehicleId/overlaps","portal-driver",429,55,""
"GET [999999999] /api/vehicles/:vehicleId/overlaps","portal-driver",429,55,""
"GET /api/vehicles/status/breakdown","anon",429,55,""
"GET /api/vehicles/status/breakdown","nobody",429,55,""
"GET /api/vehicles/status/breakdown","viewer",429,55,""
"GET /api/vehicles/status/breakdown","manager",429,55,""
"GET /api/vehicles/status/breakdown","admin",429,55,""
"GET /api/vehicles/status/breakdown","portal-admin",429,55,""
"GET /api/vehicles/status/breakdown","portal-other",429,55,""
"GET /api/vehicles/status/breakdown","portal-driver",429,55,""
"GET /api/vehicles","anon",429,55,""
"GET /api/vehicles","nobody",429,55,""
"GET /api/vehicles","viewer",429,55,""
"GET /api/vehicles","manager",429,55,""
"GET /api/vehicles","admin",429,55,""
"GET /api/vehicles","portal-admin",429,55,""
"GET /api/vehicles","portal-other",429,55,""
"GET /api/vehicles","portal-driver",429,55,""
"GET /api/vehicles/:id","anon",429,55,""
"GET [999999999] /api/vehicles/:id","anon",429,55,""
"GET /api/vehicles/:id","nobody",429,55,""
"GET [999999999] /api/vehicles/:id","nobody",429,55,""
"GET /api/vehicles/:id","viewer",429,55,""
"GET [999999999] /api/vehicles/:id","viewer",429,55,""
"GET /api/vehicles/:id","manager",429,55,""
"GET [999999999] /api/vehicles/:id","manager",429,55,""
"GET /api/vehicles/:id","admin",429,55,""
"GET [999999999] /api/vehicles/:id","admin",429,55,""
"GET /api/vehicles/:id","portal-admin",429,55,""
"GET [999999999] /api/vehicles/:id","portal-admin",429,55,""
"GET /api/vehicles/:id","portal-other",429,55,""
"GET [999999999] /api/vehicles/:id","portal-other",429,55,""
"GET /api/vehicles/:id","portal-driver",429,55,""
"GET [999999999] /api/vehicles/:id","portal-driver",429,55,""
"GET /api/barcodes/:code","anon",429,55,""
"GET [999999999] /api/barcodes/:code","anon",429,55,""
"GET /api/barcodes/:code","nobody",429,55,""
"GET [999999999] /api/barcodes/:code","nobody",429,55,""
"GET /api/barcodes/:code","viewer",429,55,""
"GET [999999999] /api/barcodes/:code","viewer",429,55,""
"GET /api/barcodes/:code","manager",429,55,""
"GET [999999999] /api/barcodes/:code","manager",429,55,""
"GET /api/barcodes/:code","admin",429,55,""
"GET [999999999] /api/barcodes/:code","admin",429,55,""
"GET /api/barcodes/:code","portal-admin",429,55,""
"GET [999999999] /api/barcodes/:code","portal-admin",429,55,""
"GET /api/barcodes/:code","portal-other",429,55,""
"GET [999999999] /api/barcodes/:code","portal-other",429,55,""
"GET /api/barcodes/:code","portal-driver",429,55,""
"GET [999999999] /api/barcodes/:code","portal-driver",429,55,""
"GET /api/scan-events","anon",429,55,""
"GET /api/scan-events","nobody",429,55,""
"GET /api/scan-events","viewer",429,55,""
"GET /api/scan-events","manager",429,55,""
"GET /api/scan-events","admin",429,55,""
"GET /api/scan-events","portal-admin",429,55,""
"GET /api/scan-events","portal-other",429,55,""
"GET /api/scan-events","portal-driver",429,55,""
"POST /api/vehicles/:id/barcode/regenerate","anon",429,55,""
"POST /api/vehicles/:id/barcode/regenerate","nobody",429,55,""
"POST /api/vehicles/:id/barcode/regenerate","viewer",429,55,""
"POST /api/vehicles/:id/barcode/regenerate","portal-admin",429,55,""
"POST /api/vehicles/:id/barcode/regenerate","portal-other",429,55,""
"POST /api/vehicles/:id/barcode/regenerate","portal-driver",429,55,""
"GET /api/vehicles/:id/latest-data","anon",429,55,""
"GET [999999999] /api/vehicles/:id/latest-data","anon",429,55,""
"GET /api/vehicles/:id/latest-data","nobody",429,55,""
"GET [999999999] /api/vehicles/:id/latest-data","nobody",429,55,""
"GET /api/vehicles/:id/latest-data","viewer",429,55,""
"GET [999999999] /api/vehicles/:id/latest-data","viewer",429,55,""
"GET /api/vehicles/:id/latest-data","manager",429,55,""
"GET [999999999] /api/vehicles/:id/latest-data","manager",429,55,""
"GET /api/vehicles/:id/latest-data","admin",429,55,""
"GET [999999999] /api/vehicles/:id/latest-data","admin",429,55,""
"GET /api/vehicles/:id/latest-data","portal-admin",429,55,""
"GET [999999999] /api/vehicles/:id/latest-data","portal-admin",429,55,""
"GET /api/vehicles/:id/latest-data","portal-other",429,55,""
"GET [999999999] /api/vehicles/:id/latest-data","portal-other",429,55,""
"GET /api/vehicles/:id/latest-data","portal-driver",429,55,""
"GET [999999999] /api/vehicles/:id/latest-data","portal-driver",429,55,""
"POST /api/vehicles","anon",429,55,""
"POST /api/vehicles","nobody",429,55,""
"POST /api/vehicles","viewer",429,55,""
"POST /api/vehicles","portal-admin",429,55,""
"POST /api/vehicles","portal-other",429,55,""
"POST /api/vehicles","portal-driver",429,55,""
"POST /api/vehicles/bulk-import-plates","anon",429,55,""
"POST /api/vehicles/bulk-import-plates","nobody",429,55,""
"POST /api/vehicles/bulk-import-plates","viewer",429,55,""
"POST /api/vehicles/bulk-import-plates","portal-admin",429,55,""
"POST /api/vehicles/bulk-import-plates","portal-other",429,55,""
"POST /api/vehicles/bulk-import-plates","portal-driver",429,55,""
"POST /api/vehicles/bulk-import-csv","anon",429,55,""
"POST /api/vehicles/bulk-import-csv","nobody",429,55,""
"POST /api/vehicles/bulk-import-csv","viewer",429,55,""
"POST /api/vehicles/bulk-import-csv","portal-admin",429,55,""
"POST /api/vehicles/bulk-import-csv","portal-other",429,55,""
"POST /api/vehicles/bulk-import-csv","portal-driver",429,55,""
"PATCH /api/vehicles/:id","anon",429,55,""
"PATCH /api/vehicles/:id","nobody",429,55,""
"PATCH /api/vehicles/:id","viewer",429,55,""
"PATCH /api/vehicles/:id","portal-admin",429,55,""
"PATCH /api/vehicles/:id","portal-other",429,55,""
"PATCH /api/vehicles/:id","portal-driver",429,55,""
"PATCH /api/vehicles/:id/maintenance-status","anon",429,55,""
"PATCH /api/vehicles/:id/maintenance-status","nobody",429,55,""
"PATCH /api/vehicles/:id/maintenance-status","viewer",429,55,""
"PATCH /api/vehicles/:id/maintenance-status","portal-admin",429,55,""
"PATCH /api/vehicles/:id/maintenance-status","portal-other",429,55,""
"PATCH /api/vehicles/:id/maintenance-status","portal-driver",429,55,""
"PATCH /api/vehicles/:id/mileage","anon",429,55,""
"PATCH /api/vehicles/:id/mileage","nobody",429,55,""
"PATCH /api/vehicles/:id/mileage","viewer",429,55,""
"PATCH /api/vehicles/:id/mileage","portal-admin",429,55,""
"PATCH /api/vehicles/:id/mileage","portal-other",429,55,""
"PATCH /api/vehicles/:id/mileage","portal-driver",429,55,""
"PATCH /api/vehicles/:id/toggle-registration","anon",429,55,""
"PATCH /api/vehicles/:id/toggle-registration","nobody",429,55,""
"PATCH /api/vehicles/:id/toggle-registration","viewer",429,55,""
"PATCH /api/vehicles/:id/toggle-registration","portal-admin",429,55,""
"PATCH /api/vehicles/:id/toggle-registration","portal-other",429,55,""
"PATCH /api/vehicles/:id/toggle-registration","portal-driver",429,55,""
"PATCH /api/vehicles/:id/fuel-status","anon",429,55,""
"PATCH /api/vehicles/:id/fuel-status","nobody",429,55,""
"PATCH /api/vehicles/:id/fuel-status","viewer",429,55,""
"PATCH /api/vehicles/:id/fuel-status","portal-admin",429,55,""
"PATCH /api/vehicles/:id/fuel-status","portal-other",429,55,""
"PATCH /api/vehicles/:id/fuel-status","portal-driver",429,55,""
"GET /api/vehicles/:id/delete-impact","anon",429,55,""
"GET [999999999] /api/vehicles/:id/delete-impact","anon",429,55,""
"GET /api/vehicles/:id/delete-impact","nobody",429,55,""
"GET [999999999] /api/vehicles/:id/delete-impact","nobody",429,55,""
"GET /api/vehicles/:id/delete-impact","viewer",429,55,""
"GET [999999999] /api/vehicles/:id/delete-impact","viewer",429,55,""
"GET /api/vehicles/:id/delete-impact","manager",429,55,""
"GET [999999999] /api/vehicles/:id/delete-impact","manager",429,55,""
"GET /api/vehicles/:id/delete-impact","admin",429,55,""
"GET [999999999] /api/vehicles/:id/delete-impact","admin",429,55,""
"GET /api/vehicles/:id/delete-impact","portal-admin",429,55,""
"GET [999999999] /api/vehicles/:id/delete-impact","portal-admin",429,55,""
"GET /api/vehicles/:id/delete-impact","portal-other",429,55,""
"GET [999999999] /api/vehicles/:id/delete-impact","portal-other",429,55,""
"GET /api/vehicles/:id/delete-impact","portal-driver",429,55,""
"GET [999999999] /api/vehicles/:id/delete-impact","portal-driver",429,55,""
"DELETE /api/vehicles/:id","anon",429,55,""
"DELETE /api/vehicles/:id","nobody",429,55,""
"DELETE /api/vehicles/:id","viewer",429,55,""
"DELETE /api/vehicles/:id","portal-admin",429,55,""
"DELETE /api/vehicles/:id","portal-other",429,55,""
"DELETE /api/vehicles/:id","portal-driver",429,55,""
"GET /api/deleted-records","anon",429,55,""
"GET /api/deleted-records","nobody",429,55,""
"GET /api/deleted-records","viewer",429,55,""
"GET /api/deleted-records","manager",429,55,""
"GET /api/deleted-records","admin",429,55,""
"GET /api/deleted-records","portal-admin",429,55,""
"GET /api/deleted-records","portal-other",429,55,""
"GET /api/deleted-records","portal-driver",429,55,""
"POST /api/deleted-records/:id/restore","anon",429,55,""
"POST /api/deleted-records/:id/restore","nobody",429,55,""
"POST /api/deleted-records/:id/restore","viewer",429,55,""
"POST /api/deleted-records/:id/restore","portal-admin",429,55,""
"POST /api/deleted-records/:id/restore","portal-other",429,55,""
"POST /api/deleted-records/:id/restore","portal-driver",429,55,""
"GET /api/vehicles/:id/blacklist","anon",429,55,""
"GET [999999999] /api/vehicles/:id/blacklist","anon",429,55,""
"GET /api/vehicles/:id/blacklist","nobody",429,55,""
"GET [999999999] /api/vehicles/:id/blacklist","nobody",429,55,""
"GET /api/vehicles/:id/blacklist","viewer",429,55,""
"GET [999999999] /api/vehicles/:id/blacklist","viewer",429,55,""
"GET /api/vehicles/:id/blacklist","manager",429,55,""
"GET [999999999] /api/vehicles/:id/blacklist","manager",429,55,""
"GET /api/vehicles/:id/blacklist","admin",429,55,""
"GET [999999999] /api/vehicles/:id/blacklist","admin",429,55,""
"GET /api/vehicles/:id/blacklist","portal-admin",429,55,""
"GET [999999999] /api/vehicles/:id/blacklist","portal-admin",429,55,""
"GET /api/vehicles/:id/blacklist","portal-other",429,55,""
"GET [999999999] /api/vehicles/:id/blacklist","portal-other",429,55,""
"GET /api/vehicles/:id/blacklist","portal-driver",429,55,""
"GET [999999999] /api/vehicles/:id/blacklist","portal-driver",429,55,""
"GET /api/customers/:id/blacklist","anon",429,55,""
"GET [999999999] /api/customers/:id/blacklist","anon",429,55,""
"GET /api/customers/:id/blacklist","nobody",429,55,""
"GET [999999999] /api/customers/:id/blacklist","nobody",429,55,""
"GET /api/customers/:id/blacklist","viewer",429,55,""
"GET [999999999] /api/customers/:id/blacklist","viewer",429,55,""
"GET /api/customers/:id/blacklist","manager",429,55,""
"GET [999999999] /api/customers/:id/blacklist","manager",429,55,""
"GET /api/customers/:id/blacklist","admin",429,55,""
"GET [999999999] /api/customers/:id/blacklist","admin",429,55,""
"GET /api/customers/:id/blacklist","portal-admin",429,55,""
"GET [999999999] /api/customers/:id/blacklist","portal-admin",429,55,""
"GET /api/customers/:id/blacklist","portal-other",429,55,""
"GET [999999999] /api/customers/:id/blacklist","portal-other",429,55,""
"GET /api/customers/:id/blacklist","portal-driver",429,55,""
"GET [999999999] /api/customers/:id/blacklist","portal-driver",429,55,""
"POST /api/vehicles/:id/blacklist","anon",429,55,""
"POST /api/vehicles/:id/blacklist","nobody",429,55,""
"POST /api/vehicles/:id/blacklist","viewer",429,55,""
"POST /api/vehicles/:id/blacklist","portal-admin",429,55,""
"POST /api/vehicles/:id/blacklist","portal-other",429,55,""
"POST /api/vehicles/:id/blacklist","portal-driver",429,55,""
"DELETE /api/blacklist/:id","anon",429,55,""
"DELETE /api/blacklist/:id","nobody",429,55,""
"DELETE /api/blacklist/:id","viewer",429,55,""
"DELETE /api/blacklist/:id","portal-admin",429,55,""
"DELETE /api/blacklist/:id","portal-other",429,55,""
"DELETE /api/blacklist/:id","portal-driver",429,55,""
"GET /api/vehicles/:vehicleId/blacklist/check/:customerId","anon",429,55,""
"GET [999999999] /api/vehicles/:vehicleId/blacklist/check/:customerId","anon",429,55,""
"GET /api/vehicles/:vehicleId/blacklist/check/:customerId","nobody",429,55,""
"GET [999999999] /api/vehicles/:vehicleId/blacklist/check/:customerId","nobody",429,55,""
"GET /api/vehicles/:vehicleId/blacklist/check/:customerId","viewer",429,55,""
"GET [999999999] /api/vehicles/:vehicleId/blacklist/check/:customerId","viewer",429,55,""
"GET /api/vehicles/:vehicleId/blacklist/check/:customerId","manager",429,55,""
"GET [999999999] /api/vehicles/:vehicleId/blacklist/check/:customerId","manager",429,55,""
"GET /api/vehicles/:vehicleId/blacklist/check/:customerId","admin",429,55,""
"GET [999999999] /api/vehicles/:vehicleId/blacklist/check/:customerId","admin",429,55,""
"GET /api/vehicles/:vehicleId/blacklist/check/:customerId","portal-admin",429,55,""
"GET [999999999] /api/vehicles/:vehicleId/blacklist/check/:customerId","portal-admin",429,55,""
"GET /api/vehicles/:vehicleId/blacklist/check/:customerId","portal-other",429,55,""
"GET [999999999] /api/vehicles/:vehicleId/blacklist/check/:customerId","portal-other",429,55,""
"GET /api/vehicles/:vehicleId/blacklist/check/:customerId","portal-driver",429,55,""
"GET [999999999] /api/vehicles/:vehicleId/blacklist/check/:customerId","portal-driver",429,55,""
"GET /api/blacklist","anon",429,55,""
"GET /api/blacklist","nobody",429,55,""
"GET /api/blacklist","viewer",429,55,""
"GET /api/blacklist","manager",429,55,""
"GET /api/blacklist","admin",429,55,""
"GET /api/blacklist","portal-admin",429,55,""
"GET /api/blacklist","portal-other",429,55,""
"GET /api/blacklist","portal-driver",429,55,""
"GET /api/rdw/vehicle/:licensePlate","anon",429,55,""
"GET [999999999] /api/rdw/vehicle/:licensePlate","anon",429,55,""
"GET /api/rdw/vehicle/:licensePlate","nobody",429,55,""
"GET [999999999] /api/rdw/vehicle/:licensePlate","nobody",429,55,""
"GET /api/rdw/vehicle/:licensePlate","viewer",429,55,""
"GET [999999999] /api/rdw/vehicle/:licensePlate","viewer",429,55,""
"GET /api/rdw/vehicle/:licensePlate","manager",429,55,""
"GET [999999999] /api/rdw/vehicle/:licensePlate","manager",429,55,""
"GET /api/rdw/vehicle/:licensePlate","admin",429,55,""
"GET [999999999] /api/rdw/vehicle/:licensePlate","admin",429,55,""
"GET /api/rdw/vehicle/:licensePlate","portal-admin",429,55,""
"GET [999999999] /api/rdw/vehicle/:licensePlate","portal-admin",429,55,""
"GET /api/rdw/vehicle/:licensePlate","portal-other",429,55,""
"GET [999999999] /api/rdw/vehicle/:licensePlate","portal-other",429,55,""
"GET /api/rdw/vehicle/:licensePlate","portal-driver",429,55,""
"GET [999999999] /api/rdw/vehicle/:licensePlate","portal-driver",429,55,""
"GET /api/customers","anon",429,55,""
"GET /api/customers","nobody",429,55,""
"GET /api/customers","viewer",429,55,""
"GET /api/customers","manager",429,55,""
"GET /api/customers","admin",429,55,""
"GET /api/customers","portal-admin",429,55,""
"GET /api/customers","portal-other",429,55,""
"GET /api/customers","portal-driver",429,55,""
"GET /api/customers/with-reservations","anon",429,55,""
"GET /api/customers/with-reservations","nobody",429,55,""
"GET /api/customers/with-reservations","viewer",429,55,""
"GET /api/customers/with-reservations","manager",429,55,""
"GET /api/customers/with-reservations","admin",429,55,""
"GET /api/customers/with-reservations","portal-admin",429,55,""
"GET /api/customers/with-reservations","portal-other",429,55,""
"GET /api/customers/with-reservations","portal-driver",429,55,""
"GET /api/customers/:id","anon",429,55,""
"GET [999999999] /api/customers/:id","anon",429,55,""
"GET /api/customers/:id","nobody",429,55,""
"GET [999999999] /api/customers/:id","nobody",429,55,""
"GET /api/customers/:id","viewer",429,55,""
"GET [999999999] /api/customers/:id","viewer",429,55,""
"GET /api/customers/:id","manager",429,55,""
"GET [999999999] /api/customers/:id","manager",429,55,""
"GET /api/customers/:id","admin",429,55,""
"GET [999999999] /api/customers/:id","admin",429,55,""
"GET /api/customers/:id","portal-admin",429,55,""
"GET [999999999] /api/customers/:id","portal-admin",429,55,""
"GET /api/customers/:id","portal-other",429,55,""
"GET [999999999] /api/customers/:id","portal-other",429,55,""
"GET /api/customers/:id","portal-driver",429,55,""
"GET [999999999] /api/customers/:id","portal-driver",429,55,""
"POST /api/customers","anon",429,55,""
"POST /api/customers","nobody",429,55,""
"POST /api/customers","viewer",429,55,""
"POST /api/customers","portal-admin",429,55,""
"POST /api/customers","portal-other",429,55,""
"POST /api/customers","portal-driver",429,55,""
"PATCH /api/customers/:id","anon",429,55,""
"PATCH /api/customers/:id","nobody",429,55,""
"PATCH /api/customers/:id","viewer",429,55,""
"PATCH /api/customers/:id","portal-admin",429,55,""
"PATCH /api/customers/:id","portal-other",429,55,""
"PATCH /api/customers/:id","portal-driver",429,55,""
"DELETE /api/customers/:id","anon",429,55,""
"DELETE /api/customers/:id","nobody",429,55,""
"DELETE /api/customers/:id","viewer",429,55,""
"DELETE /api/customers/:id","portal-admin",429,55,""
"DELETE /api/customers/:id","portal-other",429,55,""
"DELETE /api/customers/:id","portal-driver",429,55,""
"GET /api/reservations/range","anon",429,55,""
"GET /api/reservations/range","nobody",429,55,""
"GET /api/reservations/range","viewer",429,55,""
"GET /api/reservations/range","manager",429,55,""
"GET /api/reservations/range","admin",429,55,""
"GET /api/reservations/range","portal-admin",429,55,""
"GET /api/reservations/range","portal-other",429,55,""
"GET /api/reservations/range","portal-driver",429,55,""
"GET /api/reservations/range/:startDate/:endDate","anon",429,55,""
"GET [999999999] /api/reservations/range/:startDate/:endDate","anon",429,55,""
"GET /api/reservations/range/:startDate/:endDate","nobody",429,55,""
"GET [999999999] /api/reservations/range/:startDate/:endDate","nobody",429,55,""
"GET /api/reservations/range/:startDate/:endDate","viewer",429,55,""
"GET [999999999] /api/reservations/range/:startDate/:endDate","viewer",429,55,""
"GET /api/reservations/range/:startDate/:endDate","manager",429,55,""
"GET [999999999] /api/reservations/range/:startDate/:endDate","manager",429,55,""
"GET /api/reservations/range/:startDate/:endDate","admin",429,55,""
"GET [999999999] /api/reservations/range/:startDate/:endDate","admin",429,55,""
"GET /api/reservations/range/:startDate/:endDate","portal-admin",429,55,""
"GET [999999999] /api/reservations/range/:startDate/:endDate","portal-admin",429,55,""
"GET /api/reservations/range/:startDate/:endDate","portal-other",429,55,""
"GET [999999999] /api/reservations/range/:startDate/:endDate","portal-other",429,55,""
"GET /api/reservations/range/:startDate/:endDate","portal-driver",429,55,""
"GET [999999999] /api/reservations/range/:startDate/:endDate","portal-driver",429,55,""
"GET /api/reservations/upcoming","anon",429,55,""
"GET /api/reservations/upcoming","nobody",429,55,""
"GET /api/reservations/upcoming","viewer",429,55,""
"GET /api/reservations/upcoming","manager",429,55,""
"GET /api/reservations/upcoming","admin",429,55,""
"GET /api/reservations/upcoming","portal-admin",429,55,""
"GET /api/reservations/upcoming","portal-other",429,55,""
"GET /api/reservations/upcoming","portal-driver",429,55,""
"GET /api/reservations/upcoming-maintenance","anon",429,55,""
"GET /api/reservations/upcoming-maintenance","nobody",429,55,""
"GET /api/reservations/upcoming-maintenance","viewer",429,55,""
"GET /api/reservations/upcoming-maintenance","manager",429,55,""
"GET /api/reservations/upcoming-maintenance","admin",429,55,""
"GET /api/reservations/upcoming-maintenance","portal-admin",429,55,""
"GET /api/reservations/upcoming-maintenance","portal-other",429,55,""
"GET /api/reservations/upcoming-maintenance","portal-driver",429,55,""
"GET /api/reservations/vehicle/:vehicleId","anon",429,55,""
"GET [999999999] /api/reservations/vehicle/:vehicleId","anon",429,55,""
"GET /api/reservations/vehicle/:vehicleId","nobody",429,55,""
"GET [999999999] /api/reservations/vehicle/:vehicleId","nobody",429,55,""
"GET /api/reservations/vehicle/:vehicleId","viewer",429,55,""
"GET [999999999] /api/reservations/vehicle/:vehicleId","viewer",429,55,""
"GET /api/reservations/vehicle/:vehicleId","manager",429,55,""
"GET [999999999] /api/reservations/vehicle/:vehicleId","manager",429,55,""
"GET /api/reservations/vehicle/:vehicleId","admin",429,55,""
"GET [999999999] /api/reservations/vehicle/:vehicleId","admin",429,55,""
"GET /api/reservations/vehicle/:vehicleId","portal-admin",429,55,""
"GET [999999999] /api/reservations/vehicle/:vehicleId","portal-admin",429,55,""
"GET /api/reservations/vehicle/:vehicleId","portal-other",429,55,""
"GET [999999999] /api/reservations/vehicle/:vehicleId","portal-other",429,55,""
"GET /api/reservations/vehicle/:vehicleId","portal-driver",429,55,""
"GET [999999999] /api/reservations/vehicle/:vehicleId","portal-driver",429,55,""
"GET /api/reservations/overdue","anon",429,55,""
"GET /api/reservations/overdue","nobody",429,55,""
"GET /api/reservations/overdue","viewer",429,55,""
"GET /api/reservations/overdue","manager",429,55,""
"GET /api/reservations/overdue","admin",429,55,""
"GET /api/reservations/overdue","portal-admin",429,55,""
"GET /api/reservations/overdue","portal-other",429,55,""
"GET /api/reservations/overdue","portal-driver",429,55,""
"GET /api/reservations/overdue/:vehicleId","anon",429,55,""
"GET [999999999] /api/reservations/overdue/:vehicleId","anon",429,55,""
"GET /api/reservations/overdue/:vehicleId","nobody",429,55,""
"GET [999999999] /api/reservations/overdue/:vehicleId","nobody",429,55,""
"GET /api/reservations/overdue/:vehicleId","viewer",429,55,""
"GET [999999999] /api/reservations/overdue/:vehicleId","viewer",429,55,""
"GET /api/reservations/overdue/:vehicleId","manager",429,55,""
"GET [999999999] /api/reservations/overdue/:vehicleId","manager",429,55,""
"GET /api/reservations/overdue/:vehicleId","admin",429,55,""
"GET [999999999] /api/reservations/overdue/:vehicleId","admin",429,55,""
"GET /api/reservations/overdue/:vehicleId","portal-admin",429,55,""
"GET [999999999] /api/reservations/overdue/:vehicleId","portal-admin",429,55,""
"GET /api/reservations/overdue/:vehicleId","portal-other",429,55,""
"GET [999999999] /api/reservations/overdue/:vehicleId","portal-other",429,55,""
"GET /api/reservations/overdue/:vehicleId","portal-driver",429,55,""
"GET [999999999] /api/reservations/overdue/:vehicleId","portal-driver",429,55,""
"GET /api/reservations/customer/:customerId","anon",429,55,""
"GET [999999999] /api/reservations/customer/:customerId","anon",429,55,""
"GET /api/reservations/customer/:customerId","nobody",429,55,""
"GET [999999999] /api/reservations/customer/:customerId","nobody",429,55,""
"GET /api/reservations/customer/:customerId","viewer",429,55,""
"GET [999999999] /api/reservations/customer/:customerId","viewer",429,55,""
"GET /api/reservations/customer/:customerId","manager",429,55,""
"GET [999999999] /api/reservations/customer/:customerId","manager",429,55,""
"GET /api/reservations/customer/:customerId","admin",429,55,""
"GET [999999999] /api/reservations/customer/:customerId","admin",429,55,""
"GET /api/reservations/customer/:customerId","portal-admin",429,55,""
"GET [999999999] /api/reservations/customer/:customerId","portal-admin",429,55,""
"GET /api/reservations/customer/:customerId","portal-other",429,55,""
"GET [999999999] /api/reservations/customer/:customerId","portal-other",429,55,""
"GET /api/reservations/customer/:customerId","portal-driver",429,55,""
"GET [999999999] /api/reservations/customer/:customerId","portal-driver",429,55,""
"GET /api/reservations/check-availability/:vehicleId/:startDate/:endDate","anon",429,55,""
"GET [999999999] /api/reservations/check-availability/:vehicleId/:startDate/:endDate","anon",429,55,""
"GET /api/reservations/check-availability/:vehicleId/:startDate/:endDate","nobody",429,55,""
"GET [999999999] /api/reservations/check-availability/:vehicleId/:startDate/:endDate","nobody",429,55,""
"GET /api/reservations/check-availability/:vehicleId/:startDate/:endDate","viewer",429,55,""
"GET [999999999] /api/reservations/check-availability/:vehicleId/:startDate/:endDate","viewer",429,55,""
"GET /api/reservations/check-availability/:vehicleId/:startDate/:endDate","manager",429,55,""
"GET [999999999] /api/reservations/check-availability/:vehicleId/:startDate/:endDate","manager",429,55,""
"GET /api/reservations/check-availability/:vehicleId/:startDate/:endDate","admin",429,55,""
"GET [999999999] /api/reservations/check-availability/:vehicleId/:startDate/:endDate","admin",429,55,""
"GET /api/reservations/check-availability/:vehicleId/:startDate/:endDate","portal-admin",429,55,""
"GET [999999999] /api/reservations/check-availability/:vehicleId/:startDate/:endDate","portal-admin",429,55,""
"GET /api/reservations/check-availability/:vehicleId/:startDate/:endDate","portal-other",429,55,""
"GET [999999999] /api/reservations/check-availability/:vehicleId/:startDate/:endDate","portal-other",429,55,""
"GET /api/reservations/check-availability/:vehicleId/:startDate/:endDate","portal-driver",429,55,""
"GET [999999999] /api/reservations/check-availability/:vehicleId/:startDate/:endDate","portal-driver",429,55,""
"GET /api/reservations/check-conflicts","anon",429,55,""
"GET /api/reservations/check-conflicts","nobody",429,55,""
"GET /api/reservations/check-conflicts","viewer",429,55,""
"GET /api/reservations/check-conflicts","manager",429,55,""
"GET /api/reservations/check-conflicts","admin",429,55,""
"GET /api/reservations/check-conflicts","portal-admin",429,55,""
"GET /api/reservations/check-conflicts","portal-other",429,55,""
"GET /api/reservations/check-conflicts","portal-driver",429,55,""
"GET /api/reservations","anon",429,55,""
"GET /api/reservations","nobody",429,55,""
"GET /api/reservations","viewer",429,55,""
"GET /api/reservations","manager",429,55,""
"GET /api/reservations","admin",429,55,""
"GET /api/reservations","portal-admin",429,55,""
"GET /api/reservations","portal-other",429,55,""
"GET /api/reservations","portal-driver",429,55,""
"GET /api/reservations/find-by-contract/:contractNumber","anon",429,55,""
"GET [999999999] /api/reservations/find-by-contract/:contractNumber","anon",429,55,""
"GET /api/reservations/find-by-contract/:contractNumber","nobody",429,55,""
"GET [999999999] /api/reservations/find-by-contract/:contractNumber","nobody",429,55,""
"GET /api/reservations/find-by-contract/:contractNumber","viewer",429,55,""
"GET [999999999] /api/reservations/find-by-contract/:contractNumber","viewer",429,55,""
"GET /api/reservations/find-by-contract/:contractNumber","manager",429,55,""
"GET [999999999] /api/reservations/find-by-contract/:contractNumber","manager",429,55,""
"GET /api/reservations/find-by-contract/:contractNumber","admin",429,55,""
"GET [999999999] /api/reservations/find-by-contract/:contractNumber","admin",429,55,""
"GET /api/reservations/find-by-contract/:contractNumber","portal-admin",429,55,""
"GET [999999999] /api/reservations/find-by-contract/:contractNumber","portal-admin",429,55,""
"GET /api/reservations/find-by-contract/:contractNumber","portal-other",429,55,""
"GET [999999999] /api/reservations/find-by-contract/:contractNumber","portal-other",429,55,""
"GET /api/reservations/find-by-contract/:contractNumber","portal-driver",429,55,""
"GET [999999999] /api/reservations/find-by-contract/:contractNumber","portal-driver",429,55,""
"GET /api/reservations/:id","anon",429,55,""
"GET [999999999] /api/reservations/:id","anon",429,55,""
"GET /api/reservations/:id","nobody",429,55,""
"GET [999999999] /api/reservations/:id","nobody",429,55,""
"GET /api/reservations/:id","viewer",429,55,""
"GET [999999999] /api/reservations/:id","viewer",429,55,""
"GET /api/reservations/:id","manager",429,55,""
"GET [999999999] /api/reservations/:id","manager",429,55,""
"GET /api/reservations/:id","admin",429,55,""
"GET [999999999] /api/reservations/:id","admin",429,55,""
"GET /api/reservations/:id","portal-admin",429,55,""
"GET [999999999] /api/reservations/:id","portal-admin",429,55,""
"GET /api/reservations/:id","portal-other",429,55,""
"GET [999999999] /api/reservations/:id","portal-other",429,55,""
"GET /api/reservations/:id","portal-driver",429,55,""
"GET [999999999] /api/reservations/:id","portal-driver",429,55,""
"POST /api/reservations","anon",429,55,""
"POST /api/reservations","nobody",429,55,""
"POST /api/reservations","viewer",429,55,""
"POST /api/reservations","portal-admin",429,55,""
"POST /api/reservations","portal-other",429,55,""
"POST /api/reservations","portal-driver",429,55,""
"POST /api/reservations/maintenance-with-spare","anon",429,55,""
"POST /api/reservations/maintenance-with-spare","nobody",429,55,""
"POST /api/reservations/maintenance-with-spare","viewer",429,55,""
"POST /api/reservations/maintenance-with-spare","portal-admin",429,55,""
"POST /api/reservations/maintenance-with-spare","portal-other",429,55,""
"POST /api/reservations/maintenance-with-spare","portal-driver",429,55,""
"PATCH /api/reservations/:id/basic","anon",429,55,""
"PATCH /api/reservations/:id/basic","nobody",429,55,""
"PATCH /api/reservations/:id/basic","viewer",429,55,""
"PATCH /api/reservations/:id/basic","portal-admin",429,55,""
"PATCH /api/reservations/:id/basic","portal-other",429,55,""
"PATCH /api/reservations/:id/basic","portal-driver",429,55,""
"PATCH /api/reservations/:id/status","anon",429,55,""
"PATCH /api/reservations/:id/status","nobody",429,55,""
"PATCH /api/reservations/:id/status","viewer",429,55,""
"PATCH /api/reservations/:id/status","portal-admin",429,55,""
"PATCH /api/reservations/:id/status","portal-other",429,55,""
"PATCH /api/reservations/:id/status","portal-driver",429,55,""
"PATCH /api/reservations/:id","anon",429,55,""
"PATCH /api/reservations/:id","nobody",429,55,""
"PATCH /api/reservations/:id","viewer",429,55,""
"PATCH /api/reservations/:id","portal-admin",429,55,""
"PATCH /api/reservations/:id","portal-other",429,55,""
"PATCH /api/reservations/:id","portal-driver",429,55,""
"GET /api/spare-vehicles/available","anon",429,55,""
"GET /api/spare-vehicles/available","nobody",429,55,""
"GET /api/spare-vehicles/available","viewer",429,55,""
"GET /api/spare-vehicles/available","manager",429,55,""
"GET /api/spare-vehicles/available","admin",429,55,""
"GET /api/spare-vehicles/available","portal-admin",429,55,""
"GET /api/spare-vehicles/available","portal-other",429,55,""
"GET /api/spare-vehicles/available","portal-driver",429,55,""
"POST /api/reservations/:id/mark-needs-service","anon",429,55,""
"POST /api/reservations/:id/mark-needs-service","nobody",429,55,""
"POST /api/reservations/:id/mark-needs-service","viewer",429,55,""
"POST /api/reservations/:id/mark-needs-service","portal-admin",429,55,""
"POST /api/reservations/:id/mark-needs-service","portal-other",429,55,""
"POST /api/reservations/:id/mark-needs-service","portal-driver",429,55,""
"POST /api/reservations/:id/assign-spare","anon",429,55,""
"POST /api/reservations/:id/assign-spare","nobody",429,55,""
"POST /api/reservations/:id/assign-spare","viewer",429,55,""
"POST /api/reservations/:id/assign-spare","portal-admin",429,55,""
"POST /api/reservations/:id/assign-spare","portal-other",429,55,""
"POST /api/reservations/:id/assign-spare","portal-driver",429,55,""
"POST /api/reservations/:id/return-from-service","anon",429,55,""
"POST /api/reservations/:id/return-from-service","nobody",429,55,""
"POST /api/reservations/:id/return-from-service","viewer",429,55,""
"POST /api/reservations/:id/return-from-service","portal-admin",429,55,""
"POST /api/reservations/:id/return-from-service","portal-other",429,55,""
"POST /api/reservations/:id/return-from-service","portal-driver",429,55,""
"GET /api/vehicles/:id/spare-assignment","anon",429,55,""
"GET [999999999] /api/vehicles/:id/spare-assignment","anon",429,55,""
"GET /api/vehicles/:id/spare-assignment","nobody",429,55,""
"GET [999999999] /api/vehicles/:id/spare-assignment","nobody",429,55,""
"GET /api/vehicles/:id/spare-assignment","viewer",429,55,""
"GET [999999999] /api/vehicles/:id/spare-assignment","viewer",429,55,""
"GET /api/vehicles/:id/spare-assignment","manager",429,55,""
"GET [999999999] /api/vehicles/:id/spare-assignment","manager",429,55,""
"GET /api/vehicles/:id/spare-assignment","admin",429,55,""
"GET [999999999] /api/vehicles/:id/spare-assignment","admin",429,55,""
"GET /api/vehicles/:id/spare-assignment","portal-admin",429,55,""
"GET [999999999] /api/vehicles/:id/spare-assignment","portal-admin",429,55,""
"GET /api/vehicles/:id/spare-assignment","portal-other",429,55,""
"GET [999999999] /api/vehicles/:id/spare-assignment","portal-other",429,55,""
"GET /api/vehicles/:id/spare-assignment","portal-driver",429,55,""
"GET [999999999] /api/vehicles/:id/spare-assignment","portal-driver",429,55,""
"GET /api/vehicles/:id/acting-as-spare","anon",429,55,""
"GET [999999999] /api/vehicles/:id/acting-as-spare","anon",429,55,""
"GET /api/vehicles/:id/acting-as-spare","nobody",429,55,""
"GET [999999999] /api/vehicles/:id/acting-as-spare","nobody",429,55,""
"GET /api/vehicles/:id/acting-as-spare","viewer",429,55,""
"GET [999999999] /api/vehicles/:id/acting-as-spare","viewer",429,55,""
"GET /api/vehicles/:id/acting-as-spare","manager",429,55,""
"GET [999999999] /api/vehicles/:id/acting-as-spare","manager",429,55,""
"GET /api/vehicles/:id/acting-as-spare","admin",429,55,""
"GET [999999999] /api/vehicles/:id/acting-as-spare","admin",429,55,""
"GET /api/vehicles/:id/acting-as-spare","portal-admin",429,55,""
"GET [999999999] /api/vehicles/:id/acting-as-spare","portal-admin",429,55,""
"GET /api/vehicles/:id/acting-as-spare","portal-other",429,55,""
"GET [999999999] /api/vehicles/:id/acting-as-spare","portal-other",429,55,""
"GET /api/vehicles/:id/acting-as-spare","portal-driver",429,55,""
"GET [999999999] /api/vehicles/:id/acting-as-spare","portal-driver",429,55,""
"GET /api/reservations/:id/active-replacement","anon",429,55,""
"GET [999999999] /api/reservations/:id/active-replacement","anon",429,55,""
"GET /api/reservations/:id/active-replacement","nobody",429,55,""
"GET [999999999] /api/reservations/:id/active-replacement","nobody",429,55,""
"GET /api/reservations/:id/active-replacement","viewer",429,55,""
"GET [999999999] /api/reservations/:id/active-replacement","viewer",429,55,""
"GET /api/reservations/:id/active-replacement","manager",429,55,""
"GET [999999999] /api/reservations/:id/active-replacement","manager",429,55,""
"GET /api/reservations/:id/active-replacement","admin",429,55,""
"GET [999999999] /api/reservations/:id/active-replacement","admin",429,55,""
"GET /api/reservations/:id/active-replacement","portal-admin",429,55,""
"GET [999999999] /api/reservations/:id/active-replacement","portal-admin",429,55,""
"GET /api/reservations/:id/active-replacement","portal-other",429,55,""
"GET [999999999] /api/reservations/:id/active-replacement","portal-other",429,55,""
"GET /api/reservations/:id/active-replacement","portal-driver",429,55,""
"GET [999999999] /api/reservations/:id/active-replacement","portal-driver",429,55,""
"POST /api/reservations/update-legacy-notes","anon",429,55,""
"POST /api/reservations/update-legacy-notes","nobody",429,55,""
"POST /api/reservations/update-legacy-notes","viewer",429,55,""
"POST /api/reservations/update-legacy-notes","portal-admin",429,55,""
"POST /api/reservations/update-legacy-notes","portal-other",429,55,""
"POST /api/reservations/update-legacy-notes","portal-driver",429,55,""
"PATCH /api/reservations/:id/spare-status","anon",429,55,""
"PATCH /api/reservations/:id/spare-status","nobody",429,55,""
"PATCH /api/reservations/:id/spare-status","viewer",429,55,""
"PATCH /api/reservations/:id/spare-status","portal-admin",429,55,""
"PATCH /api/reservations/:id/spare-status","portal-other",429,55,""
"PATCH /api/reservations/:id/spare-status","portal-driver",429,55,""
"POST /api/reservations/:id/pickup","anon",429,55,""
"POST /api/reservations/:id/pickup","nobody",429,55,""
"POST /api/reservations/:id/pickup","viewer",429,55,""
"POST /api/reservations/:id/pickup","portal-admin",429,55,""
"POST /api/reservations/:id/pickup","portal-other",429,55,""
"POST /api/reservations/:id/pickup","portal-driver",429,55,""
"POST /api/reservations/:id/return","anon",429,55,""
"POST /api/reservations/:id/return","nobody",429,55,""
"POST /api/reservations/:id/return","viewer",429,55,""
"POST /api/reservations/:id/return","portal-admin",429,55,""
"POST /api/reservations/:id/return","portal-other",429,55,""
"POST /api/reservations/:id/return","portal-driver",429,55,""
"POST /api/placeholder-reservations","anon",429,55,""
"POST /api/placeholder-reservations","nobody",429,55,""
"POST /api/placeholder-reservations","viewer",429,55,""
"POST /api/placeholder-reservations","portal-admin",429,55,""
"POST /api/placeholder-reservations","portal-other",429,55,""
"POST /api/placeholder-reservations","portal-driver",429,55,""
"GET /api/placeholder-reservations","anon",429,55,""
"GET /api/placeholder-reservations","nobody",429,55,""
"GET /api/placeholder-reservations","viewer",429,55,""
"GET /api/placeholder-reservations","manager",429,55,""
"GET /api/placeholder-reservations","admin",429,55,""
"GET /api/placeholder-reservations","portal-admin",429,55,""
"GET /api/placeholder-reservations","portal-other",429,55,""
"GET /api/placeholder-reservations","portal-driver",429,55,""
"GET /api/placeholder-reservations/needing-assignment","anon",429,55,""
"GET /api/placeholder-reservations/needing-assignment","nobody",429,55,""
"GET /api/placeholder-reservations/needing-assignment","viewer",429,55,""
"GET /api/placeholder-reservations/needing-assignment","manager",429,55,""
"GET /api/placeholder-reservations/needing-assignment","admin",429,55,""
"GET /api/placeholder-reservations/needing-assignment","portal-admin",429,55,""
"GET /api/placeholder-reservations/needing-assignment","portal-other",429,55,""
"GET /api/placeholder-reservations/needing-assignment","portal-driver",429,55,""
"POST /api/placeholder-reservations/:id/assign-vehicle","anon",429,55,""
"POST /api/placeholder-reservations/:id/assign-vehicle","nobody",429,55,""
"POST /api/placeholder-reservations/:id/assign-vehicle","viewer",429,55,""
"POST /api/placeholder-reservations/:id/assign-vehicle","portal-admin",429,55,""
"POST /api/placeholder-reservations/:id/assign-vehicle","portal-other",429,55,""
"POST /api/placeholder-reservations/:id/assign-vehicle","portal-driver",429,55,""
"DELETE /api/reservations/:id","anon",429,55,""
"DELETE /api/reservations/:id","nobody",429,55,""
"DELETE /api/reservations/:id","viewer",429,55,""
"DELETE /api/reservations/:id","portal-admin",429,55,""
"DELETE /api/reservations/:id","portal-other",429,55,""
"DELETE /api/reservations/:id","portal-driver",429,55,""
"GET /api/vehicles/:vehicleId/customers-with-reservations","anon",429,55,""
"GET [999999999] /api/vehicles/:vehicleId/customers-with-reservations","anon",429,55,""
"GET /api/vehicles/:vehicleId/customers-with-reservations","nobody",429,55,""
"GET [999999999] /api/vehicles/:vehicleId/customers-with-reservations","nobody",429,55,""
"GET /api/vehicles/:vehicleId/customers-with-reservations","viewer",429,55,""
"GET [999999999] /api/vehicles/:vehicleId/customers-with-reservations","viewer",429,55,""
"GET /api/vehicles/:vehicleId/customers-with-reservations","manager",429,55,""
"GET [999999999] /api/vehicles/:vehicleId/customers-with-reservations","manager",429,55,""
"GET /api/vehicles/:vehicleId/customers-with-reservations","admin",429,55,""
"GET [999999999] /api/vehicles/:vehicleId/customers-with-reservations","admin",429,55,""
"GET /api/vehicles/:vehicleId/customers-with-reservations","portal-admin",429,55,""
"GET [999999999] /api/vehicles/:vehicleId/customers-with-reservations","portal-admin",429,55,""
"GET /api/vehicles/:vehicleId/customers-with-reservations","portal-other",429,55,""
"GET [999999999] /api/vehicles/:vehicleId/customers-with-reservations","portal-other",429,55,""
"GET /api/vehicles/:vehicleId/customers-with-reservations","portal-driver",429,55,""
"GET [999999999] /api/vehicles/:vehicleId/customers-with-reservations","portal-driver",429,55,""
"GET /api/documents","anon",429,55,""
"GET /api/documents","nobody",429,55,""
"GET /api/documents","viewer",429,55,""
"GET /api/documents","manager",429,55,""
"GET /api/documents","admin",429,55,""
"GET /api/documents","portal-admin",429,55,""
"GET /api/documents","portal-other",429,55,""
"GET /api/documents","portal-driver",429,55,""
"GET /api/documents/vehicle/:vehicleId","anon",429,55,""
"GET [999999999] /api/documents/vehicle/:vehicleId","anon",429,55,""
"GET /api/documents/vehicle/:vehicleId","nobody",429,55,""
"GET [999999999] /api/documents/vehicle/:vehicleId","nobody",429,55,""
"GET /api/documents/vehicle/:vehicleId","viewer",429,55,""
"GET [999999999] /api/documents/vehicle/:vehicleId","viewer",429,55,""
"GET /api/documents/vehicle/:vehicleId","manager",429,55,""
"GET [999999999] /api/documents/vehicle/:vehicleId","manager",429,55,""
"GET /api/documents/vehicle/:vehicleId","admin",429,55,""
"GET [999999999] /api/documents/vehicle/:vehicleId","admin",429,55,""
"GET /api/documents/vehicle/:vehicleId","portal-admin",429,55,""
"GET [999999999] /api/documents/vehicle/:vehicleId","portal-admin",429,55,""
"GET /api/documents/vehicle/:vehicleId","portal-other",429,55,""
"GET [999999999] /api/documents/vehicle/:vehicleId","portal-other",429,55,""
"GET /api/documents/vehicle/:vehicleId","portal-driver",429,55,""
"GET [999999999] /api/documents/vehicle/:vehicleId","portal-driver",429,55,""
"GET /api/documents/reservation/:reservationId","anon",429,55,""
"GET [999999999] /api/documents/reservation/:reservationId","anon",429,55,""
"GET /api/documents/reservation/:reservationId","nobody",429,55,""
"GET [999999999] /api/documents/reservation/:reservationId","nobody",429,55,""
"GET /api/documents/reservation/:reservationId","viewer",429,55,""
"GET [999999999] /api/documents/reservation/:reservationId","viewer",429,55,""
"GET /api/documents/reservation/:reservationId","manager",429,55,""
"GET [999999999] /api/documents/reservation/:reservationId","manager",429,55,""
"GET /api/documents/reservation/:reservationId","admin",429,55,""
"GET [999999999] /api/documents/reservation/:reservationId","admin",429,55,""
"GET /api/documents/reservation/:reservationId","portal-admin",429,55,""
"GET [999999999] /api/documents/reservation/:reservationId","portal-admin",429,55,""
"GET /api/documents/reservation/:reservationId","portal-other",429,55,""
"GET [999999999] /api/documents/reservation/:reservationId","portal-other",429,55,""
"GET /api/documents/reservation/:reservationId","portal-driver",429,55,""
"GET [999999999] /api/documents/reservation/:reservationId","portal-driver",429,55,""
"GET /api/documents/damage-checks","anon",429,55,""
"GET /api/documents/damage-checks","nobody",429,55,""
"GET /api/documents/damage-checks","viewer",429,55,""
"GET /api/documents/damage-checks","manager",429,55,""
"GET /api/documents/damage-checks","admin",429,55,""
"GET /api/documents/damage-checks","portal-admin",429,55,""
"GET /api/documents/damage-checks","portal-other",429,55,""
"GET /api/documents/damage-checks","portal-driver",429,55,""
"GET /api/documents/:id","anon",429,55,""
"GET [999999999] /api/documents/:id","anon",429,55,""
"GET /api/documents/:id","nobody",429,55,""
"GET [999999999] /api/documents/:id","nobody",429,55,""
"GET /api/documents/:id","viewer",429,55,""
"GET [999999999] /api/documents/:id","viewer",429,55,""
"GET /api/documents/:id","manager",429,55,""
"GET [999999999] /api/documents/:id","manager",429,55,""
"GET /api/documents/:id","admin",429,55,""
"GET [999999999] /api/documents/:id","admin",429,55,""
"GET /api/documents/:id","portal-admin",429,55,""
"GET [999999999] /api/documents/:id","portal-admin",429,55,""
"GET /api/documents/:id","portal-other",429,55,""
"GET [999999999] /api/documents/:id","portal-other",429,55,""
"GET /api/documents/:id","portal-driver",429,55,""
"GET [999999999] /api/documents/:id","portal-driver",429,55,""
"POST /api/documents","anon",429,55,""
"POST /api/documents","nobody",429,55,""
"POST /api/documents","viewer",429,55,""
"POST /api/documents","portal-admin",429,55,""
"POST /api/documents","portal-other",429,55,""
"POST /api/documents","portal-driver",429,55,""
"PATCH /api/documents/:id","anon",429,55,""
"PATCH /api/documents/:id","nobody",429,55,""
"PATCH /api/documents/:id","viewer",429,55,""
"PATCH /api/documents/:id","portal-admin",429,55,""
"PATCH /api/documents/:id","portal-other",429,55,""
"PATCH /api/documents/:id","portal-driver",429,55,""
"GET /api/documents/view/:id","anon",429,55,""
"GET [999999999] /api/documents/view/:id","anon",429,55,""
"GET /api/documents/view/:id","nobody",429,55,""
"GET [999999999] /api/documents/view/:id","nobody",429,55,""
"GET /api/documents/view/:id","viewer",429,55,""
"GET [999999999] /api/documents/view/:id","viewer",429,55,""
"GET /api/documents/view/:id","manager",429,55,""
"GET [999999999] /api/documents/view/:id","manager",429,55,""
"GET /api/documents/view/:id","admin",429,55,""
"GET [999999999] /api/documents/view/:id","admin",429,55,""
"GET /api/documents/view/:id","portal-admin",429,55,""
"GET [999999999] /api/documents/view/:id","portal-admin",429,55,""
"GET /api/documents/view/:id","portal-other",429,55,""
"GET [999999999] /api/documents/view/:id","portal-other",429,55,""
"GET /api/documents/view/:id","portal-driver",429,55,""
"GET [999999999] /api/documents/view/:id","portal-driver",429,55,""
"GET /api/documents/download/:id","anon",429,55,""
"GET [999999999] /api/documents/download/:id","anon",429,55,""
"GET /api/documents/download/:id","nobody",429,55,""
"GET [999999999] /api/documents/download/:id","nobody",429,55,""
"GET /api/documents/download/:id","viewer",429,55,""
"GET [999999999] /api/documents/download/:id","viewer",429,55,""
"GET /api/documents/download/:id","manager",429,55,""
"GET [999999999] /api/documents/download/:id","manager",429,55,""
"GET /api/documents/download/:id","admin",429,55,""
"GET [999999999] /api/documents/download/:id","admin",429,55,""
"GET /api/documents/download/:id","portal-admin",429,55,""
"GET [999999999] /api/documents/download/:id","portal-admin",429,55,""
"GET /api/documents/download/:id","portal-other",429,55,""
"GET [999999999] /api/documents/download/:id","portal-other",429,55,""
"GET /api/documents/download/:id","portal-driver",429,55,""
"GET [999999999] /api/documents/download/:id","portal-driver",429,55,""
"POST /api/documents/:id/email","anon",429,55,""
"POST /api/documents/:id/email","nobody",429,55,""
"POST /api/documents/:id/email","viewer",429,55,""
"POST /api/documents/:id/email","portal-admin",429,55,""
"POST /api/documents/:id/email","portal-other",429,55,""
"POST /api/documents/:id/email","portal-driver",429,55,""
"POST /api/email/send-documents","anon",429,55,""
"POST /api/email/send-documents","nobody",429,55,""
"POST /api/email/send-documents","viewer",429,55,""
"POST /api/email/send-documents","portal-admin",429,55,""
"POST /api/email/send-documents","portal-other",429,55,""
"POST /api/email/send-documents","portal-driver",429,55,""
"DELETE /api/documents/:id","anon",429,55,""
"DELETE /api/documents/:id","nobody",429,55,""
"DELETE /api/documents/:id","viewer",429,55,""
"DELETE /api/documents/:id","portal-admin",429,55,""
"DELETE /api/documents/:id","portal-other",429,55,""
"DELETE /api/documents/:id","portal-driver",429,55,""
"GET /api/contracts/generate/:reservationId","anon",429,55,""
"GET [999999999] /api/contracts/generate/:reservationId","anon",429,55,""
"GET /api/contracts/generate/:reservationId","nobody",429,55,""
"GET [999999999] /api/contracts/generate/:reservationId","nobody",429,55,""
"GET /api/contracts/generate/:reservationId","viewer",429,55,""
"GET [999999999] /api/contracts/generate/:reservationId","viewer",429,55,""
"GET /api/contracts/generate/:reservationId","manager",429,55,""
"GET [999999999] /api/contracts/generate/:reservationId","manager",429,55,""
"GET /api/contracts/generate/:reservationId","admin",429,55,""
"GET [999999999] /api/contracts/generate/:reservationId","admin",429,55,""
"GET /api/contracts/generate/:reservationId","portal-admin",429,55,""
"GET [999999999] /api/contracts/generate/:reservationId","portal-admin",429,55,""
"GET /api/contracts/generate/:reservationId","portal-other",429,55,""
"GET [999999999] /api/contracts/generate/:reservationId","portal-other",429,55,""
"GET /api/contracts/generate/:reservationId","portal-driver",429,55,""
"GET [999999999] /api/contracts/generate/:reservationId","portal-driver",429,55,""
"POST /api/contracts/preview","anon",429,55,""
"POST /api/contracts/preview","nobody",429,55,""
"POST /api/contracts/preview","viewer",429,55,""
"POST /api/contracts/preview","portal-admin",429,55,""
"POST /api/contracts/preview","portal-other",429,55,""
"POST /api/contracts/preview","portal-driver",429,55,""
"GET /api/contracts/preview/:token","anon",429,55,""
"GET [999999999] /api/contracts/preview/:token","anon",429,55,""
"GET /api/contracts/preview/:token","nobody",429,55,""
"GET [999999999] /api/contracts/preview/:token","nobody",429,55,""
"GET /api/contracts/preview/:token","viewer",429,55,""
"GET [999999999] /api/contracts/preview/:token","viewer",429,55,""
"GET /api/contracts/preview/:token","manager",429,55,""
"GET [999999999] /api/contracts/preview/:token","manager",429,55,""
"GET /api/contracts/preview/:token","admin",429,55,""
"GET [999999999] /api/contracts/preview/:token","admin",429,55,""
"GET /api/contracts/preview/:token","portal-admin",429,55,""
"GET [999999999] /api/contracts/preview/:token","portal-admin",429,55,""
"GET /api/contracts/preview/:token","portal-other",429,55,""
"GET [999999999] /api/contracts/preview/:token","portal-other",429,55,""
"GET /api/contracts/preview/:token","portal-driver",429,55,""
"GET [999999999] /api/contracts/preview/:token","portal-driver",429,55,""
"POST /api/contracts/generate-versioned/:reservationId","anon",429,55,""
"POST /api/contracts/generate-versioned/:reservationId","nobody",429,55,""
"POST /api/contracts/generate-versioned/:reservationId","viewer",429,55,""
"POST /api/contracts/generate-versioned/:reservationId","portal-admin",429,55,""
"POST /api/contracts/generate-versioned/:reservationId","portal-other",429,55,""
"POST /api/contracts/generate-versioned/:reservationId","portal-driver",429,55,""
"GET /api/contracts/generate-default/:reservationId","anon",429,55,""
"GET [999999999] /api/contracts/generate-default/:reservationId","anon",429,55,""
"GET /api/contracts/generate-default/:reservationId","nobody",429,55,""
"GET [999999999] /api/contracts/generate-default/:reservationId","nobody",429,55,""
"GET /api/contracts/generate-default/:reservationId","viewer",429,55,""
"GET [999999999] /api/contracts/generate-default/:reservationId","viewer",429,55,""
"GET /api/contracts/generate-default/:reservationId","manager",429,55,""
"GET [999999999] /api/contracts/generate-default/:reservationId","manager",429,55,""
"GET /api/contracts/generate-default/:reservationId","admin",429,55,""
"GET [999999999] /api/contracts/generate-default/:reservationId","admin",429,55,""
"GET /api/contracts/generate-default/:reservationId","portal-admin",429,55,""
"GET [999999999] /api/contracts/generate-default/:reservationId","portal-admin",429,55,""
"GET /api/contracts/generate-default/:reservationId","portal-other",429,55,""
"GET [999999999] /api/contracts/generate-default/:reservationId","portal-other",429,55,""
"GET /api/contracts/generate-default/:reservationId","portal-driver",429,55,""
"GET [999999999] /api/contracts/generate-default/:reservationId","portal-driver",429,55,""
"GET /api/contracts/data/:reservationId","anon",429,55,""
"GET [999999999] /api/contracts/data/:reservationId","anon",429,55,""
"GET /api/contracts/data/:reservationId","nobody",429,55,""
"GET [999999999] /api/contracts/data/:reservationId","nobody",429,55,""
"GET /api/contracts/data/:reservationId","viewer",429,55,""
"GET [999999999] /api/contracts/data/:reservationId","viewer",429,55,""
"GET /api/contracts/data/:reservationId","manager",429,55,""
"GET [999999999] /api/contracts/data/:reservationId","manager",429,55,""
"GET /api/contracts/data/:reservationId","admin",429,55,""
"GET [999999999] /api/contracts/data/:reservationId","admin",429,55,""
"GET /api/contracts/data/:reservationId","portal-admin",429,55,""
"GET [999999999] /api/contracts/data/:reservationId","portal-admin",429,55,""
"GET /api/contracts/data/:reservationId","portal-other",429,55,""
"GET [999999999] /api/contracts/data/:reservationId","portal-other",429,55,""
"GET /api/contracts/data/:reservationId","portal-driver",429,55,""
"GET [999999999] /api/contracts/data/:reservationId","portal-driver",429,55,""
"GET /api/damage-checks/generate/:reservationId","anon",429,55,""
"GET [999999999] /api/damage-checks/generate/:reservationId","anon",429,55,""
"GET /api/damage-checks/generate/:reservationId","nobody",429,55,""
"GET [999999999] /api/damage-checks/generate/:reservationId","nobody",429,55,""
"GET /api/damage-checks/generate/:reservationId","viewer",429,55,""
"GET [999999999] /api/damage-checks/generate/:reservationId","viewer",429,55,""
"GET /api/damage-checks/generate/:reservationId","manager",429,55,""
"GET [999999999] /api/damage-checks/generate/:reservationId","manager",429,55,""
"GET /api/damage-checks/generate/:reservationId","admin",429,55,""
"GET [999999999] /api/damage-checks/generate/:reservationId","admin",429,55,""
"GET /api/damage-checks/generate/:reservationId","portal-admin",429,55,""
"GET [999999999] /api/damage-checks/generate/:reservationId","portal-admin",429,55,""
"GET /api/damage-checks/generate/:reservationId","portal-other",429,55,""
"GET [999999999] /api/damage-checks/generate/:reservationId","portal-other",429,55,""
"GET /api/damage-checks/generate/:reservationId","portal-driver",429,55,""
"GET [999999999] /api/damage-checks/generate/:reservationId","portal-driver",429,55,""
"GET /api/customers/:customerId/drivers","anon",429,55,""
"GET [999999999] /api/customers/:customerId/drivers","anon",429,55,""
"GET /api/customers/:customerId/drivers","nobody",429,55,""
"GET [999999999] /api/customers/:customerId/drivers","nobody",429,55,""
"GET /api/customers/:customerId/drivers","viewer",429,55,""
"GET [999999999] /api/customers/:customerId/drivers","viewer",429,55,""
"GET /api/customers/:customerId/drivers","manager",429,55,""
"GET [999999999] /api/customers/:customerId/drivers","manager",429,55,""
"GET /api/customers/:customerId/drivers","admin",429,55,""
"GET [999999999] /api/customers/:customerId/drivers","admin",429,55,""
"GET /api/customers/:customerId/drivers","portal-admin",429,55,""
"GET [999999999] /api/customers/:customerId/drivers","portal-admin",429,55,""
"GET /api/customers/:customerId/drivers","portal-other",429,55,""
"GET [999999999] /api/customers/:customerId/drivers","portal-other",429,55,""
"GET /api/customers/:customerId/drivers","portal-driver",429,55,""
"GET [999999999] /api/customers/:customerId/drivers","portal-driver",429,55,""
"GET /api/customers/:customerId/drivers/active","anon",429,55,""
"GET [999999999] /api/customers/:customerId/drivers/active","anon",429,55,""
"GET /api/customers/:customerId/drivers/active","nobody",429,55,""
"GET [999999999] /api/customers/:customerId/drivers/active","nobody",429,55,""
"GET /api/customers/:customerId/drivers/active","viewer",429,55,""
"GET [999999999] /api/customers/:customerId/drivers/active","viewer",429,55,""
"GET /api/customers/:customerId/drivers/active","manager",429,55,""
"GET [999999999] /api/customers/:customerId/drivers/active","manager",429,55,""
"GET /api/customers/:customerId/drivers/active","admin",429,55,""
"GET [999999999] /api/customers/:customerId/drivers/active","admin",429,55,""
"GET /api/customers/:customerId/drivers/active","portal-admin",429,55,""
"GET [999999999] /api/customers/:customerId/drivers/active","portal-admin",429,55,""
"GET /api/customers/:customerId/drivers/active","portal-other",429,55,""
"GET [999999999] /api/customers/:customerId/drivers/active","portal-other",429,55,""
"GET /api/customers/:customerId/drivers/active","portal-driver",429,55,""
"GET [999999999] /api/customers/:customerId/drivers/active","portal-driver",429,55,""
"GET /api/drivers/:id","anon",429,55,""
"GET [999999999] /api/drivers/:id","anon",429,55,""
"GET /api/drivers/:id","nobody",429,55,""
"GET [999999999] /api/drivers/:id","nobody",429,55,""
"GET /api/drivers/:id","viewer",429,55,""
"GET [999999999] /api/drivers/:id","viewer",429,55,""
"GET /api/drivers/:id","manager",429,55,""
"GET [999999999] /api/drivers/:id","manager",429,55,""
"GET /api/drivers/:id","admin",429,55,""
"GET [999999999] /api/drivers/:id","admin",429,55,""
"GET /api/drivers/:id","portal-admin",429,55,""
"GET [999999999] /api/drivers/:id","portal-admin",429,55,""
"GET /api/drivers/:id","portal-other",429,55,""
"GET [999999999] /api/drivers/:id","portal-other",429,55,""
"GET /api/drivers/:id","portal-driver",429,55,""
"GET [999999999] /api/drivers/:id","portal-driver",429,55,""
"POST /api/customers/:customerId/drivers","anon",429,55,""
"POST /api/customers/:customerId/drivers","nobody",429,55,""
"POST /api/customers/:customerId/drivers","viewer",429,55,""
"POST /api/customers/:customerId/drivers","portal-admin",429,55,""
"POST /api/customers/:customerId/drivers","portal-other",429,55,""
"POST /api/customers/:customerId/drivers","portal-driver",429,55,""
"PATCH /api/drivers/:id","anon",429,55,""
"PATCH /api/drivers/:id","nobody",429,55,""
"PATCH /api/drivers/:id","viewer",429,55,""
"PATCH /api/drivers/:id","portal-admin",429,55,""
"PATCH /api/drivers/:id","portal-other",429,55,""
"PATCH /api/drivers/:id","portal-driver",429,55,""
"GET /api/drivers/:id/license","anon",429,55,""
"GET [999999999] /api/drivers/:id/license","anon",429,55,""
"GET /api/drivers/:id/license","nobody",429,55,""
"GET [999999999] /api/drivers/:id/license","nobody",429,55,""
"GET /api/drivers/:id/license","viewer",429,55,""
"GET [999999999] /api/drivers/:id/license","viewer",429,55,""
"GET /api/drivers/:id/license","manager",429,55,""
"GET [999999999] /api/drivers/:id/license","manager",429,55,""
"GET /api/drivers/:id/license","admin",429,55,""
"GET [999999999] /api/drivers/:id/license","admin",429,55,""
"GET /api/drivers/:id/license","portal-admin",429,55,""
"GET [999999999] /api/drivers/:id/license","portal-admin",429,55,""
"GET /api/drivers/:id/license","portal-other",429,55,""
"GET [999999999] /api/drivers/:id/license","portal-other",429,55,""
"GET /api/drivers/:id/license","portal-driver",429,55,""
"GET [999999999] /api/drivers/:id/license","portal-driver",429,55,""
"GET /api/drivers/countries/usage","anon",429,55,""
"GET /api/drivers/countries/usage","nobody",429,55,""
"GET /api/drivers/countries/usage","viewer",429,55,""
"GET /api/drivers/countries/usage","manager",429,55,""
"GET /api/drivers/countries/usage","admin",429,55,""
"GET /api/drivers/countries/usage","portal-admin",429,55,""
"GET /api/drivers/countries/usage","portal-other",429,55,""
"GET /api/drivers/countries/usage","portal-driver",429,55,""
"DELETE /api/drivers/:id","anon",429,55,""
"DELETE /api/drivers/:id","nobody",429,55,""
"DELETE /api/drivers/:id","viewer",429,55,""
"DELETE /api/drivers/:id","portal-admin",429,55,""
"DELETE /api/drivers/:id","portal-other",429,55,""
"DELETE /api/drivers/:id","portal-driver",429,55,""
"POST /api/migrate/customer-drivers","anon",429,55,""
"POST /api/migrate/customer-drivers","nobody",429,55,""
"POST /api/migrate/customer-drivers","viewer",429,55,""
"POST /api/migrate/customer-drivers","portal-admin",429,55,""
"POST /api/migrate/customer-drivers","portal-other",429,55,""
"POST /api/migrate/customer-drivers","portal-driver",429,55,""
"GET /api/vehicles/:id/damage-check-pdf","anon",429,55,""
"GET [999999999] /api/vehicles/:id/damage-check-pdf","anon",429,55,""
"GET /api/vehicles/:id/damage-check-pdf","nobody",429,55,""
"GET [999999999] /api/vehicles/:id/damage-check-pdf","nobody",429,55,""
"GET /api/vehicles/:id/damage-check-pdf","viewer",429,55,""
"GET [999999999] /api/vehicles/:id/damage-check-pdf","viewer",429,55,""
"GET /api/vehicles/:id/damage-check-pdf","manager",429,55,""
"GET [999999999] /api/vehicles/:id/damage-check-pdf","manager",429,55,""
"GET /api/vehicles/:id/damage-check-pdf","admin",429,55,""
"GET [999999999] /api/vehicles/:id/damage-check-pdf","admin",429,55,""
"GET /api/vehicles/:id/damage-check-pdf","portal-admin",429,55,""
"GET [999999999] /api/vehicles/:id/damage-check-pdf","portal-admin",429,55,""
"GET /api/vehicles/:id/damage-check-pdf","portal-other",429,55,""
"GET [999999999] /api/vehicles/:id/damage-check-pdf","portal-other",429,55,""
"GET /api/vehicles/:id/damage-check-pdf","portal-driver",429,55,""
"GET [999999999] /api/vehicles/:id/damage-check-pdf","portal-driver",429,55,""
"GET /api/interactive-damage-checks","anon",429,55,""
"GET /api/interactive-damage-checks","nobody",429,55,""
"GET /api/interactive-damage-checks","viewer",429,55,""
"GET /api/interactive-damage-checks","manager",429,55,""
"GET /api/interactive-damage-checks","admin",429,55,""
"GET /api/interactive-damage-checks","portal-admin",429,55,""
"GET /api/interactive-damage-checks","portal-other",429,55,""
"GET /api/interactive-damage-checks","portal-driver",429,55,""
"GET /api/interactive-damage-checks/:id","anon",429,55,""
"GET [999999999] /api/interactive-damage-checks/:id","anon",429,55,""
"GET /api/interactive-damage-checks/:id","nobody",429,55,""
"GET [999999999] /api/interactive-damage-checks/:id","nobody",429,55,""
"GET /api/interactive-damage-checks/:id","viewer",429,55,""
"GET [999999999] /api/interactive-damage-checks/:id","viewer",429,55,""
"GET /api/interactive-damage-checks/:id","manager",429,55,""
"GET [999999999] /api/interactive-damage-checks/:id","manager",429,55,""
"GET /api/interactive-damage-checks/:id","admin",429,55,""
"GET [999999999] /api/interactive-damage-checks/:id","admin",429,55,""
"GET /api/interactive-damage-checks/:id","portal-admin",429,55,""
"GET [999999999] /api/interactive-damage-checks/:id","portal-admin",429,55,""
"GET /api/interactive-damage-checks/:id","portal-other",429,55,""
"GET [999999999] /api/interactive-damage-checks/:id","portal-other",429,55,""
"GET /api/interactive-damage-checks/:id","portal-driver",429,55,""
"GET [999999999] /api/interactive-damage-checks/:id","portal-driver",429,55,""
"GET /api/interactive-damage-checks/vehicle/:vehicleId","anon",429,55,""
"GET [999999999] /api/interactive-damage-checks/vehicle/:vehicleId","anon",429,55,""
"GET /api/interactive-damage-checks/vehicle/:vehicleId","nobody",429,55,""
"GET [999999999] /api/interactive-damage-checks/vehicle/:vehicleId","nobody",429,55,""
"GET /api/interactive-damage-checks/vehicle/:vehicleId","viewer",429,55,""
"GET [999999999] /api/interactive-damage-checks/vehicle/:vehicleId","viewer",429,55,""
"GET /api/interactive-damage-checks/vehicle/:vehicleId","manager",429,55,""
"GET [999999999] /api/interactive-damage-checks/vehicle/:vehicleId","manager",429,55,""
"GET /api/interactive-damage-checks/vehicle/:vehicleId","admin",429,55,""
"GET [999999999] /api/interactive-damage-checks/vehicle/:vehicleId","admin",429,55,""
"GET /api/interactive-damage-checks/vehicle/:vehicleId","portal-admin",429,55,""
"GET [999999999] /api/interactive-damage-checks/vehicle/:vehicleId","portal-admin",429,55,""
"GET /api/interactive-damage-checks/vehicle/:vehicleId","portal-other",429,55,""
"GET [999999999] /api/interactive-damage-checks/vehicle/:vehicleId","portal-other",429,55,""
"GET /api/interactive-damage-checks/vehicle/:vehicleId","portal-driver",429,55,""
"GET [999999999] /api/interactive-damage-checks/vehicle/:vehicleId","portal-driver",429,55,""
"GET /api/interactive-damage-checks/reservation/:reservationId","anon",429,55,""
"GET [999999999] /api/interactive-damage-checks/reservation/:reservationId","anon",429,55,""
"GET /api/interactive-damage-checks/reservation/:reservationId","nobody",429,55,""
"GET [999999999] /api/interactive-damage-checks/reservation/:reservationId","nobody",429,55,""
"GET /api/interactive-damage-checks/reservation/:reservationId","viewer",429,55,""
"GET [999999999] /api/interactive-damage-checks/reservation/:reservationId","viewer",429,55,""
"GET /api/interactive-damage-checks/reservation/:reservationId","manager",429,55,""
"GET [999999999] /api/interactive-damage-checks/reservation/:reservationId","manager",429,55,""
"GET /api/interactive-damage-checks/reservation/:reservationId","admin",429,55,""
"GET [999999999] /api/interactive-damage-checks/reservation/:reservationId","admin",429,55,""
"GET /api/interactive-damage-checks/reservation/:reservationId","portal-admin",429,55,""
"GET [999999999] /api/interactive-damage-checks/reservation/:reservationId","portal-admin",429,55,""
"GET /api/interactive-damage-checks/reservation/:reservationId","portal-other",429,55,""
"GET [999999999] /api/interactive-damage-checks/reservation/:reservationId","portal-other",429,55,""
"GET /api/interactive-damage-checks/reservation/:reservationId","portal-driver",429,55,""
"GET [999999999] /api/interactive-damage-checks/reservation/:reservationId","portal-driver",429,55,""
"GET /api/interactive-damage-checks/vehicle/:vehicleId/customer/:customerId","anon",429,55,""
"GET [999999999] /api/interactive-damage-checks/vehicle/:vehicleId/customer/:customerId","anon",429,55,""
"GET /api/interactive-damage-checks/vehicle/:vehicleId/customer/:customerId","nobody",429,55,""
"GET [999999999] /api/interactive-damage-checks/vehicle/:vehicleId/customer/:customerId","nobody",429,55,""
"GET /api/interactive-damage-checks/vehicle/:vehicleId/customer/:customerId","viewer",429,55,""
"GET [999999999] /api/interactive-damage-checks/vehicle/:vehicleId/customer/:customerId","viewer",429,55,""
"GET /api/interactive-damage-checks/vehicle/:vehicleId/customer/:customerId","manager",429,55,""
"GET [999999999] /api/interactive-damage-checks/vehicle/:vehicleId/customer/:customerId","manager",429,55,""
"GET /api/interactive-damage-checks/vehicle/:vehicleId/customer/:customerId","admin",429,55,""
"GET [999999999] /api/interactive-damage-checks/vehicle/:vehicleId/customer/:customerId","admin",429,55,""
"GET /api/interactive-damage-checks/vehicle/:vehicleId/customer/:customerId","portal-admin",429,55,""
"GET [999999999] /api/interactive-damage-checks/vehicle/:vehicleId/customer/:customerId","portal-admin",429,55,""
"GET /api/interactive-damage-checks/vehicle/:vehicleId/customer/:customerId","portal-other",429,55,""
"GET [999999999] /api/interactive-damage-checks/vehicle/:vehicleId/customer/:customerId","portal-other",429,55,""
"GET /api/interactive-damage-checks/vehicle/:vehicleId/customer/:customerId","portal-driver",429,55,""
"GET [999999999] /api/interactive-damage-checks/vehicle/:vehicleId/customer/:customerId","portal-driver",429,55,""
"POST /api/interactive-damage-checks","anon",429,55,""
"POST /api/interactive-damage-checks","nobody",429,55,""
"POST /api/interactive-damage-checks","viewer",429,55,""
"POST /api/interactive-damage-checks","portal-admin",429,55,""
"POST /api/interactive-damage-checks","portal-other",429,55,""
"POST /api/interactive-damage-checks","portal-driver",429,55,""
"PUT /api/interactive-damage-checks/:id","anon",429,55,""
"PUT /api/interactive-damage-checks/:id","nobody",429,55,""
"PUT /api/interactive-damage-checks/:id","viewer",429,55,""
"PUT /api/interactive-damage-checks/:id","portal-admin",429,55,""
"PUT /api/interactive-damage-checks/:id","portal-other",429,55,""
"PUT /api/interactive-damage-checks/:id","portal-driver",429,55,""
"GET /api/interactive-damage-checks/:id/pdf","anon",429,55,""
"GET [999999999] /api/interactive-damage-checks/:id/pdf","anon",429,55,""
"GET /api/interactive-damage-checks/:id/pdf","nobody",429,55,""
"GET [999999999] /api/interactive-damage-checks/:id/pdf","nobody",429,55,""
"GET /api/interactive-damage-checks/:id/pdf","viewer",429,55,""
"GET [999999999] /api/interactive-damage-checks/:id/pdf","viewer",429,55,""
"GET /api/interactive-damage-checks/:id/pdf","manager",429,55,""
"GET [999999999] /api/interactive-damage-checks/:id/pdf","manager",429,55,""
"GET /api/interactive-damage-checks/:id/pdf","admin",429,55,""
"GET [999999999] /api/interactive-damage-checks/:id/pdf","admin",429,55,""
"GET /api/interactive-damage-checks/:id/pdf","portal-admin",429,55,""
"GET [999999999] /api/interactive-damage-checks/:id/pdf","portal-admin",429,55,""
"GET /api/interactive-damage-checks/:id/pdf","portal-other",429,55,""
"GET [999999999] /api/interactive-damage-checks/:id/pdf","portal-other",429,55,""
"GET /api/interactive-damage-checks/:id/pdf","portal-driver",429,55,""
"GET [999999999] /api/interactive-damage-checks/:id/pdf","portal-driver",429,55,""
"DELETE /api/interactive-damage-checks/:id","anon",429,55,""
"DELETE /api/interactive-damage-checks/:id","nobody",429,55,""
"DELETE /api/interactive-damage-checks/:id","viewer",429,55,""
"DELETE /api/interactive-damage-checks/:id","portal-admin",429,55,""
"DELETE /api/interactive-damage-checks/:id","portal-other",429,55,""
"DELETE /api/interactive-damage-checks/:id","portal-driver",429,55,""
"GET /object-storage/*","anon",500,38,"5xx"
"GET /object-storage/*","nobody",500,38,"5xx"
"GET /object-storage/*","viewer",500,38,"5xx"
"GET /object-storage/*","manager",500,38,"5xx"
"GET /object-storage/*","admin",500,38,"5xx"
"GET /object-storage/*","portal-admin",500,38,"5xx"
"GET /object-storage/*","portal-other",500,38,"5xx"
"GET /object-storage/*","portal-driver",500,38,"5xx"
"GET /api/transports","anon",429,55,""
"GET /api/transports","nobody",429,55,""
"GET /api/transports","viewer",429,55,""
"GET /api/transports","manager",429,55,""
"GET /api/transports","admin",429,55,""
"GET /api/transports","portal-admin",429,55,""
"GET /api/transports","portal-other",429,55,""
"GET /api/transports","portal-driver",429,55,""
"GET /api/transports/:id","anon",429,55,""
"GET [999999999] /api/transports/:id","anon",429,55,""
"GET /api/transports/:id","nobody",429,55,""
"GET [999999999] /api/transports/:id","nobody",429,55,""
"GET /api/transports/:id","viewer",429,55,""
"GET [999999999] /api/transports/:id","viewer",429,55,""
"GET /api/transports/:id","manager",429,55,""
"GET [999999999] /api/transports/:id","manager",429,55,""
"GET /api/transports/:id","admin",429,55,""
"GET [999999999] /api/transports/:id","admin",429,55,""
"GET /api/transports/:id","portal-admin",429,55,""
"GET [999999999] /api/transports/:id","portal-admin",429,55,""
"GET /api/transports/:id","portal-other",429,55,""
"GET [999999999] /api/transports/:id","portal-other",429,55,""
"GET /api/transports/:id","portal-driver",429,55,""
"GET [999999999] /api/transports/:id","portal-driver",429,55,""
"POST /api/transports","anon",429,55,""
"POST /api/transports","nobody",429,55,""
"POST /api/transports","viewer",429,55,""
"POST /api/transports","portal-admin",429,55,""
"POST /api/transports","portal-other",429,55,""
"POST /api/transports","portal-driver",429,55,""
"PATCH /api/transports/:id","anon",429,55,""
"PATCH /api/transports/:id","nobody",429,55,""
"PATCH /api/transports/:id","viewer",429,55,""
"PATCH /api/transports/:id","portal-admin",429,55,""
"PATCH /api/transports/:id","portal-other",429,55,""
"PATCH /api/transports/:id","portal-driver",429,55,""
"DELETE /api/transports/:id","anon",429,55,""
"DELETE /api/transports/:id","nobody",429,55,""
"DELETE /api/transports/:id","viewer",429,55,""
"DELETE /api/transports/:id","portal-admin",429,55,""
"DELETE /api/transports/:id","portal-other",429,55,""
"DELETE /api/transports/:id","portal-driver",429,55,""
"POST /api/delivery/estimate-distance","anon",429,55,""
"POST /api/delivery/estimate-distance","nobody",429,55,""
"POST /api/delivery/estimate-distance","viewer",429,55,""
"POST /api/delivery/estimate-distance","portal-admin",429,55,""
"POST /api/delivery/estimate-distance","portal-other",429,55,""
"POST /api/delivery/estimate-distance","portal-driver",429,55,""
"POST /api/delivery/optimize-route","anon",429,55,""
"POST /api/delivery/optimize-route","nobody",429,55,""
"POST /api/delivery/optimize-route","viewer",429,55,""
"POST /api/delivery/optimize-route","portal-admin",429,55,""
"POST /api/delivery/optimize-route","portal-other",429,55,""
"POST /api/delivery/optimize-route","portal-driver",429,55,""
"GET /api/transport-report-templates","anon",429,55,""
"GET /api/transport-report-templates","nobody",429,55,""
"GET /api/transport-report-templates","viewer",429,55,""
"GET /api/transport-report-templates","manager",429,55,""
"GET /api/transport-report-templates","admin",429,55,""
"GET /api/transport-report-templates","portal-admin",429,55,""
"GET /api/transport-report-templates","portal-other",429,55,""
"GET /api/transport-report-templates","portal-driver",429,55,""
"POST /api/delivery/transports/generate-report","anon",429,55,""
"POST /api/delivery/transports/generate-report","nobody",429,55,""
"POST /api/delivery/transports/generate-report","viewer",429,55,""
"POST /api/delivery/transports/generate-report","portal-admin",429,55,""
"POST /api/delivery/transports/generate-report","portal-other",429,55,""
"POST /api/delivery/transports/generate-report","portal-driver",429,55,""
"GET /api/apk-date-changes","anon",429,55,""
"GET /api/apk-date-changes","nobody",429,55,""
"GET /api/apk-date-changes","viewer",429,55,""
"GET /api/apk-date-changes","manager",429,55,""
"GET /api/apk-date-changes","admin",429,55,""
"GET /api/apk-date-changes","portal-admin",429,55,""
"GET /api/apk-date-changes","portal-other",429,55,""
"GET /api/apk-date-changes","portal-driver",429,55,""
"POST /api/apk-date-changes/:id/confirm","anon",429,55,""
"POST /api/apk-date-changes/:id/confirm","nobody",429,55,""
"POST /api/apk-date-changes/:id/confirm","viewer",429,55,""
"POST /api/apk-date-changes/:id/confirm","portal-admin",429,55,""
"POST /api/apk-date-changes/:id/confirm","portal-other",429,55,""
"POST /api/apk-date-changes/:id/confirm","portal-driver",429,55,""
"POST /api/apk-date-changes/:id/dismiss","anon",429,55,""
"POST /api/apk-date-changes/:id/dismiss","nobody",429,55,""
"POST /api/apk-date-changes/:id/dismiss","viewer",429,55,""
"POST /api/apk-date-changes/:id/dismiss","portal-admin",429,55,""
"POST /api/apk-date-changes/:id/dismiss","portal-other",429,55,""
"POST /api/apk-date-changes/:id/dismiss","portal-driver",429,55,""
"POST /api/apk-date-changes/scan-now","anon",429,55,""
"POST /api/apk-date-changes/scan-now","nobody",429,55,""
"POST /api/apk-date-changes/scan-now","viewer",429,55,""
"POST /api/apk-date-changes/scan-now","portal-admin",429,55,""
"POST /api/apk-date-changes/scan-now","portal-other",429,55,""
"POST /api/apk-date-changes/scan-now","portal-driver",429,55,""
"GET /api/apk-date-changes/scan-status","anon",429,55,""
"GET /api/apk-date-changes/scan-status","nobody",429,55,""
"GET /api/apk-date-changes/scan-status","viewer",429,55,""
"GET /api/apk-date-changes/scan-status","manager",429,55,""
"GET /api/apk-date-changes/scan-status","admin",429,55,""
"GET /api/apk-date-changes/scan-status","portal-admin",429,55,""
"GET /api/apk-date-changes/scan-status","portal-other",429,55,""
"GET /api/apk-date-changes/scan-status","portal-driver",429,55,""
"POST /api/apk-date-changes/bulk-dismiss","anon",429,55,""
"POST /api/apk-date-changes/bulk-dismiss","nobody",429,55,""
"POST /api/apk-date-changes/bulk-dismiss","viewer",429,55,""
"POST /api/apk-date-changes/bulk-dismiss","portal-admin",429,55,""
"POST /api/apk-date-changes/bulk-dismiss","portal-other",429,55,""
"POST /api/apk-date-changes/bulk-dismiss","portal-driver",429,55,""
"POST /api/apk-date-changes/bulk-confirm","anon",429,55,""
"POST /api/apk-date-changes/bulk-confirm","nobody",429,55,""
"POST /api/apk-date-changes/bulk-confirm","viewer",429,55,""
"POST /api/apk-date-changes/bulk-confirm","portal-admin",429,55,""
"POST /api/apk-date-changes/bulk-confirm","portal-other",429,55,""
"POST /api/apk-date-changes/bulk-confirm","portal-driver",429,55,""
"GET /api/app-settings","anon",429,55,""
"GET /api/app-settings","nobody",429,55,""
"GET /api/app-settings","viewer",429,55,""
"GET /api/app-settings","manager",429,55,""
"GET /api/app-settings","admin",429,55,""
"GET /api/app-settings","portal-admin",429,55,""
"GET /api/app-settings","portal-other",429,55,""
"GET /api/app-settings","portal-driver",429,55,""
"GET /api/damage-check-fields","anon",429,55,""
"GET /api/damage-check-fields","nobody",429,55,""
"GET /api/damage-check-fields","viewer",429,55,""
"GET /api/damage-check-fields","manager",429,55,""
"GET /api/damage-check-fields","admin",429,55,""
"GET /api/damage-check-fields","portal-admin",429,55,""
"GET /api/damage-check-fields","portal-other",429,55,""
"GET /api/damage-check-fields","portal-driver",429,55,""
"GET /api/damage-check-fields/header","anon",429,55,""
"GET /api/damage-check-fields/header","nobody",429,55,""
"GET /api/damage-check-fields/header","viewer",429,55,""
"GET /api/damage-check-fields/header","manager",429,55,""
"GET /api/damage-check-fields/header","admin",429,55,""
"GET /api/damage-check-fields/header","portal-admin",429,55,""
"GET /api/damage-check-fields/header","portal-other",429,55,""
"GET /api/damage-check-fields/header","portal-driver",429,55,""
"POST /api/damage-check-fields/header","anon",429,55,""
"POST /api/damage-check-fields/header","nobody",429,55,""
"POST /api/damage-check-fields/header","viewer",429,55,""
"POST /api/damage-check-fields/header","portal-admin",429,55,""
"POST /api/damage-check-fields/header","portal-other",429,55,""
"POST /api/damage-check-fields/header","portal-driver",429,55,""
"DELETE /api/damage-check-fields/header","anon",429,55,""
"DELETE /api/damage-check-fields/header","nobody",429,55,""
"DELETE /api/damage-check-fields/header","viewer",429,55,""
"DELETE /api/damage-check-fields/header","portal-admin",429,55,""
"DELETE /api/damage-check-fields/header","portal-other",429,55,""
"DELETE /api/damage-check-fields/header","portal-driver",429,55,""
"PUT /api/damage-check-fields","anon",429,55,""
"PUT /api/damage-check-fields","nobody",429,55,""
"PUT /api/damage-check-fields","viewer",429,55,""
"PUT /api/damage-check-fields","portal-admin",429,55,""
"PUT /api/damage-check-fields","portal-other",429,55,""
"PUT /api/damage-check-fields","portal-driver",429,55,""
"GET /api/app-settings/key/:key","anon",429,55,""
"GET [999999999] /api/app-settings/key/:key","anon",429,55,""
"GET /api/app-settings/key/:key","nobody",429,55,""
"GET [999999999] /api/app-settings/key/:key","nobody",429,55,""
"GET /api/app-settings/key/:key","viewer",429,55,""
"GET [999999999] /api/app-settings/key/:key","viewer",429,55,""
"GET /api/app-settings/key/:key","manager",429,55,""
"GET [999999999] /api/app-settings/key/:key","manager",429,55,""
"GET /api/app-settings/key/:key","admin",429,55,""
"GET [999999999] /api/app-settings/key/:key","admin",429,55,""
"GET /api/app-settings/key/:key","portal-admin",429,55,""
"GET [999999999] /api/app-settings/key/:key","portal-admin",429,55,""
"GET /api/app-settings/key/:key","portal-other",429,55,""
"GET [999999999] /api/app-settings/key/:key","portal-other",429,55,""
"GET /api/app-settings/key/:key","portal-driver",429,55,""
"GET [999999999] /api/app-settings/key/:key","portal-driver",429,55,""
"GET /api/app-settings/:category","anon",429,55,""
"GET [999999999] /api/app-settings/:category","anon",429,55,""
"GET /api/app-settings/:category","nobody",429,55,""
"GET [999999999] /api/app-settings/:category","nobody",429,55,""
"GET /api/app-settings/:category","viewer",429,55,""
"GET [999999999] /api/app-settings/:category","viewer",429,55,""
"GET /api/app-settings/:category","manager",429,55,""
"GET [999999999] /api/app-settings/:category","manager",429,55,""
"GET /api/app-settings/:category","admin",429,55,""
"GET [999999999] /api/app-settings/:category","admin",429,55,""
"GET /api/app-settings/:category","portal-admin",429,55,""
"GET [999999999] /api/app-settings/:category","portal-admin",429,55,""
"GET /api/app-settings/:category","portal-other",429,55,""
"GET [999999999] /api/app-settings/:category","portal-other",429,55,""
"GET /api/app-settings/:category","portal-driver",429,55,""
"GET [999999999] /api/app-settings/:category","portal-driver",429,55,""
"POST /api/app-settings/email/test","anon",429,55,""
"POST /api/app-settings/email/test","nobody",429,55,""
"POST /api/app-settings/email/test","viewer",429,55,""
"POST /api/app-settings/email/test","portal-admin",429,55,""
"POST /api/app-settings/email/test","portal-other",429,55,""
"POST /api/app-settings/email/test","portal-driver",429,55,""
"POST /api/app-settings","anon",429,55,""
"POST /api/app-settings","nobody",429,55,""
"POST /api/app-settings","viewer",429,55,""
"POST /api/app-settings","portal-admin",429,55,""
"POST /api/app-settings","portal-other",429,55,""
"POST /api/app-settings","portal-driver",429,55,""
"PUT /api/app-settings/:id","anon",429,55,""
"PUT /api/app-settings/:id","nobody",429,55,""
"PUT /api/app-settings/:id","viewer",429,55,""
"PUT /api/app-settings/:id","portal-admin",429,55,""
"PUT /api/app-settings/:id","portal-other",429,55,""
"PUT /api/app-settings/:id","portal-driver",429,55,""
"DELETE /api/app-settings/:id","anon",429,55,""
"DELETE /api/app-settings/:id","nobody",429,55,""
"DELETE /api/app-settings/:id","viewer",429,55,""
"DELETE /api/app-settings/:id","portal-admin",429,55,""
"DELETE /api/app-settings/:id","portal-other",429,55,""
"DELETE /api/app-settings/:id","portal-driver",429,55,""
"GET /api/system-settings","anon",429,55,""
"GET /api/system-settings","nobody",429,55,""
"GET /api/system-settings","viewer",429,55,""
"GET /api/system-settings","manager",429,55,""
"GET /api/system-settings","admin",429,55,""
"GET /api/system-settings","portal-admin",429,55,""
"GET /api/system-settings","portal-other",429,55,""
"GET /api/system-settings","portal-driver",429,55,""
"PUT /api/system-settings","anon",429,55,""
"PUT /api/system-settings","nobody",429,55,""
"PUT /api/system-settings","viewer",429,55,""
"PUT /api/system-settings","portal-admin",429,55,""
"PUT /api/system-settings","portal-other",429,55,""
"PUT /api/system-settings","portal-driver",429,55,""
"GET /api/backup-settings","anon",429,55,""
"GET /api/backup-settings","nobody",429,55,""
"GET /api/backup-settings","viewer",429,55,""
"GET /api/backup-settings","manager",429,55,""
"GET /api/backup-settings","admin",429,55,""
"GET /api/backup-settings","portal-admin",429,55,""
"GET /api/backup-settings","portal-other",429,55,""
"GET /api/backup-settings","portal-driver",429,55,""
"POST /api/backup-settings","anon",429,55,""
"POST /api/backup-settings","nobody",429,55,""
"POST /api/backup-settings","viewer",429,55,""
"POST /api/backup-settings","portal-admin",429,55,""
"POST /api/backup-settings","portal-other",429,55,""
"POST /api/backup-settings","portal-driver",429,55,""
"PUT /api/backup-settings/:id","anon",429,55,""
"PUT /api/backup-settings/:id","nobody",429,55,""
"PUT /api/backup-settings/:id","viewer",429,55,""
"PUT /api/backup-settings/:id","portal-admin",429,55,""
"PUT /api/backup-settings/:id","portal-other",429,55,""
"PUT /api/backup-settings/:id","portal-driver",429,55,""
"GET /api/backups/download-data","anon",429,55,""
"GET /api/backups/download-data","nobody",429,55,""
"GET /api/backups/download-data","viewer",429,55,""
"GET /api/backups/download-data","manager",429,55,""
"GET /api/backups/download-data","admin",429,55,""
"GET /api/backups/download-data","portal-admin",429,55,""
"GET /api/backups/download-data","portal-other",429,55,""
"GET /api/backups/download-data","portal-driver",429,55,""
"GET /api/backups/download-code","anon",429,55,""
"GET /api/backups/download-code","nobody",429,55,""
"GET /api/backups/download-code","viewer",429,55,""
"GET /api/backups/download-code","manager",429,55,""
"GET /api/backups/download-code","admin",429,55,""
"GET /api/backups/download-code","portal-admin",429,55,""
"GET /api/backups/download-code","portal-other",429,55,""
"GET /api/backups/download-code","portal-driver",429,55,""
"POST /api/backups/restore-data","anon",429,55,""
"POST /api/backups/restore-data","nobody",429,55,""
"POST /api/backups/restore-data","viewer",429,55,""
"POST /api/backups/restore-data","portal-admin",429,55,""
"POST /api/backups/restore-data","portal-other",429,55,""
"POST /api/backups/restore-data","portal-driver",429,55,""
"POST /api/backups/restore-code","anon",429,55,""
"POST /api/backups/restore-code","nobody",429,55,""
"POST /api/backups/restore-code","viewer",429,55,""
"POST /api/backups/restore-code","portal-admin",429,55,""
"POST /api/backups/restore-code","portal-other",429,55,""
"POST /api/backups/restore-code","portal-driver",429,55,""
"GET /api/backups/download-files","anon",429,55,""
"GET /api/backups/download-files","nobody",429,55,""
"GET /api/backups/download-files","viewer",429,55,""
"GET /api/backups/download-files","manager",429,55,""
"GET /api/backups/download-files","admin",429,55,""
"GET /api/backups/download-files","portal-admin",429,55,""
"GET /api/backups/download-files","portal-other",429,55,""
"GET /api/backups/download-files","portal-driver",429,55,""
"POST /api/backups/restore-files","anon",429,55,""
"POST /api/backups/restore-files","nobody",429,55,""
"POST /api/backups/restore-files","viewer",429,55,""
"POST /api/backups/restore-files","portal-admin",429,55,""
"POST /api/backups/restore-files","portal-other",429,55,""
"POST /api/backups/restore-files","portal-driver",429,55,""
"GET /api/backups/list","anon",429,55,""
"GET /api/backups/list","nobody",429,55,""
"GET /api/backups/list","viewer",429,55,""
"GET /api/backups/list","manager",429,55,""
"GET /api/backups/list","admin",429,55,""
"GET /api/backups/list","portal-admin",429,55,""
"GET /api/backups/list","portal-other",429,55,""
"GET /api/backups/list","portal-driver",429,55,""
"GET /api/backups/download/:filename","anon",429,55,""
"GET [999999999] /api/backups/download/:filename","anon",429,55,""
"GET /api/backups/download/:filename","nobody",429,55,""
"GET [999999999] /api/backups/download/:filename","nobody",429,55,""
"GET /api/backups/download/:filename","viewer",429,55,""
"GET [999999999] /api/backups/download/:filename","viewer",429,55,""
"GET /api/backups/download/:filename","manager",429,55,""
"GET [999999999] /api/backups/download/:filename","manager",429,55,""
"GET /api/backups/download/:filename","admin",429,55,""
"GET [999999999] /api/backups/download/:filename","admin",429,55,""
"GET /api/backups/download/:filename","portal-admin",429,55,""
"GET [999999999] /api/backups/download/:filename","portal-admin",429,55,""
"GET /api/backups/download/:filename","portal-other",429,55,""
"GET [999999999] /api/backups/download/:filename","portal-other",429,55,""
"GET /api/backups/download/:filename","portal-driver",429,55,""
"GET [999999999] /api/backups/download/:filename","portal-driver",429,55,""
"GET /api/backups/status","anon",429,55,""
"GET /api/backups/status","nobody",429,55,""
"GET /api/backups/status","viewer",429,55,""
"GET /api/backups/status","manager",429,55,""
"GET /api/backups/status","admin",429,55,""
"GET /api/backups/status","portal-admin",429,55,""
"GET /api/backups/status","portal-other",429,55,""
"GET /api/backups/status","portal-driver",429,55,""
"GET /api/backups/health","anon",429,55,""
"GET /api/backups/health","nobody",429,55,""
"GET /api/backups/health","viewer",429,55,""
"GET /api/backups/health","manager",429,55,""
"GET /api/backups/health","admin",429,55,""
"GET /api/backups/health","portal-admin",429,55,""
"GET /api/backups/health","portal-other",429,55,""
"GET /api/backups/health","portal-driver",429,55,""
"GET /api/backups","anon",429,55,""
"GET /api/backups","nobody",429,55,""
"GET /api/backups","viewer",429,55,""
"GET /api/backups","manager",429,55,""
"GET /api/backups","admin",429,55,""
"GET /api/backups","portal-admin",429,55,""
"GET /api/backups","portal-other",429,55,""
"GET /api/backups","portal-driver",429,55,""
"POST /api/backups/run","anon",429,55,""
"POST /api/backups/run","nobody",429,55,""
"POST /api/backups/run","viewer",429,55,""
"POST /api/backups/run","portal-admin",429,55,""
"POST /api/backups/run","portal-other",429,55,""
"POST /api/backups/run","portal-driver",429,55,""
"GET /api/backups/download/:type/:filename","anon",429,55,""
"GET [999999999] /api/backups/download/:type/:filename","anon",429,55,""
"GET /api/backups/download/:type/:filename","nobody",429,55,""
"GET [999999999] /api/backups/download/:type/:filename","nobody",429,55,""
"GET /api/backups/download/:type/:filename","viewer",429,55,""
"GET [999999999] /api/backups/download/:type/:filename","viewer",429,55,""
"GET /api/backups/download/:type/:filename","manager",429,55,""
"GET [999999999] /api/backups/download/:type/:filename","manager",429,55,""
"GET /api/backups/download/:type/:filename","admin",429,55,""
"GET [999999999] /api/backups/download/:type/:filename","admin",429,55,""
"GET /api/backups/download/:type/:filename","portal-admin",429,55,""
"GET [999999999] /api/backups/download/:type/:filename","portal-admin",429,55,""
"GET /api/backups/download/:type/:filename","portal-other",429,55,""
"GET [999999999] /api/backups/download/:type/:filename","portal-other",429,55,""
"GET /api/backups/download/:type/:filename","portal-driver",429,55,""
"GET [999999999] /api/backups/download/:type/:filename","portal-driver",429,55,""
"DELETE /api/backups/:type/:filename","anon",429,55,""
"DELETE /api/backups/:type/:filename","nobody",429,55,""
"DELETE /api/backups/:type/:filename","viewer",429,55,""
"DELETE /api/backups/:type/:filename","portal-admin",429,55,""
"DELETE /api/backups/:type/:filename","portal-other",429,55,""
"DELETE /api/backups/:type/:filename","portal-driver",429,55,""
"POST /api/backups/cleanup","anon",429,55,""
"POST /api/backups/cleanup","nobody",429,55,""
"POST /api/backups/cleanup","viewer",429,55,""
"POST /api/backups/cleanup","portal-admin",429,55,""
"POST /api/backups/cleanup","portal-other",429,55,""
"POST /api/backups/cleanup","portal-driver",429,55,""
"POST /api/backups/upload","anon",429,55,""
"POST /api/backups/upload","nobody",429,55,""
"POST /api/backups/upload","viewer",429,55,""
"POST /api/backups/upload","portal-admin",429,55,""
"POST /api/backups/upload","portal-other",429,55,""
"POST /api/backups/upload","portal-driver",429,55,""
"POST /api/backups/restore/database","anon",429,55,""
"POST /api/backups/restore/database","nobody",429,55,""
"POST /api/backups/restore/database","viewer",429,55,""
"POST /api/backups/restore/database","portal-admin",429,55,""
"POST /api/backups/restore/database","portal-other",429,55,""
"POST /api/backups/restore/database","portal-driver",429,55,""
"POST /api/backups/restore/files","anon",429,55,""
"POST /api/backups/restore/files","nobody",429,55,""
"POST /api/backups/restore/files","viewer",429,55,""
"POST /api/backups/restore/files","portal-admin",429,55,""
"POST /api/backups/restore/files","portal-other",429,55,""
"POST /api/backups/restore/files","portal-driver",429,55,""
"POST /api/backups/restore/complete","anon",429,55,""
"POST /api/backups/restore/complete","nobody",429,55,""
"POST /api/backups/restore/complete","viewer",429,55,""
"POST /api/backups/restore/complete","portal-admin",429,55,""
"POST /api/backups/restore/complete","portal-other",429,55,""
"POST /api/backups/restore/complete","portal-driver",429,55,""
"GET /api/custom-notifications","anon",429,55,""
"GET /api/custom-notifications","nobody",429,55,""
"GET /api/custom-notifications","viewer",429,55,""
"GET /api/custom-notifications","manager",429,55,""
"GET /api/custom-notifications","admin",429,55,""
"GET /api/custom-notifications","portal-admin",429,55,""
"GET /api/custom-notifications","portal-other",429,55,""
"GET /api/custom-notifications","portal-driver",429,55,""
"GET /api/custom-notifications/unread","anon",429,55,""
"GET /api/custom-notifications/unread","nobody",429,55,""
"GET /api/custom-notifications/unread","viewer",429,55,""
"GET /api/custom-notifications/unread","manager",429,55,""
"GET /api/custom-notifications/unread","admin",429,55,""
"GET /api/custom-notifications/unread","portal-admin",429,55,""
"GET /api/custom-notifications/unread","portal-other",429,55,""
"GET /api/custom-notifications/unread","portal-driver",429,55,""
"GET /api/custom-notifications/type/:type","anon",429,55,""
"GET [999999999] /api/custom-notifications/type/:type","anon",429,55,""
"GET /api/custom-notifications/type/:type","nobody",429,55,""
"GET [999999999] /api/custom-notifications/type/:type","nobody",429,55,""
"GET /api/custom-notifications/type/:type","viewer",429,55,""
"GET [999999999] /api/custom-notifications/type/:type","viewer",429,55,""
"GET /api/custom-notifications/type/:type","manager",429,55,""
"GET [999999999] /api/custom-notifications/type/:type","manager",429,55,""
"GET /api/custom-notifications/type/:type","admin",429,55,""
"GET [999999999] /api/custom-notifications/type/:type","admin",429,55,""
"GET /api/custom-notifications/type/:type","portal-admin",429,55,""
"GET [999999999] /api/custom-notifications/type/:type","portal-admin",429,55,""
"GET /api/custom-notifications/type/:type","portal-other",429,55,""
"GET [999999999] /api/custom-notifications/type/:type","portal-other",429,55,""
"GET /api/custom-notifications/type/:type","portal-driver",429,55,""
"GET [999999999] /api/custom-notifications/type/:type","portal-driver",429,55,""
"GET /api/custom-notifications/user","anon",429,55,""
"GET /api/custom-notifications/user","nobody",429,55,""
"GET /api/custom-notifications/user","viewer",429,55,""
"GET /api/custom-notifications/user","manager",429,55,""
"GET /api/custom-notifications/user","admin",429,55,""
"GET /api/custom-notifications/user","portal-admin",429,55,""
"GET /api/custom-notifications/user","portal-other",429,55,""
"GET /api/custom-notifications/user","portal-driver",429,55,""
"GET /api/custom-notifications/:id","anon",429,55,""
"GET [999999999] /api/custom-notifications/:id","anon",429,55,""
"GET /api/custom-notifications/:id","nobody",429,55,""
"GET [999999999] /api/custom-notifications/:id","nobody",429,55,""
"GET /api/custom-notifications/:id","viewer",429,55,""
"GET [999999999] /api/custom-notifications/:id","viewer",429,55,""
"GET /api/custom-notifications/:id","manager",429,55,""
"GET [999999999] /api/custom-notifications/:id","manager",429,55,""
"GET /api/custom-notifications/:id","admin",429,55,""
"GET [999999999] /api/custom-notifications/:id","admin",429,55,""
"GET /api/custom-notifications/:id","portal-admin",429,55,""
"GET [999999999] /api/custom-notifications/:id","portal-admin",429,55,""
"GET /api/custom-notifications/:id","portal-other",429,55,""
"GET [999999999] /api/custom-notifications/:id","portal-other",429,55,""
"GET /api/custom-notifications/:id","portal-driver",429,55,""
"GET [999999999] /api/custom-notifications/:id","portal-driver",429,55,""
"POST /api/custom-notifications","anon",429,55,""
"POST /api/custom-notifications","nobody",429,55,""
"POST /api/custom-notifications","viewer",429,55,""
"POST /api/custom-notifications","portal-admin",429,55,""
"POST /api/custom-notifications","portal-other",429,55,""
"POST /api/custom-notifications","portal-driver",429,55,""
"PATCH /api/custom-notifications/:id","anon",429,55,""
"PATCH /api/custom-notifications/:id","nobody",429,55,""
"PATCH /api/custom-notifications/:id","viewer",429,55,""
"PATCH /api/custom-notifications/:id","portal-admin",429,55,""
"PATCH /api/custom-notifications/:id","portal-other",429,55,""
"PATCH /api/custom-notifications/:id","portal-driver",429,55,""
"POST /api/custom-notifications/:id/read","anon",429,55,""
"POST /api/custom-notifications/:id/read","nobody",429,55,""
"POST /api/custom-notifications/:id/read","viewer",429,55,""
"POST /api/custom-notifications/:id/read","portal-admin",429,55,""
"POST /api/custom-notifications/:id/read","portal-other",429,55,""
"POST /api/custom-notifications/:id/read","portal-driver",429,55,""
"POST /api/custom-notifications/:id/unread","anon",429,55,""
"POST /api/custom-notifications/:id/unread","nobody",429,55,""
"POST /api/custom-notifications/:id/unread","viewer",429,55,""
"POST /api/custom-notifications/:id/unread","portal-admin",429,55,""
"POST /api/custom-notifications/:id/unread","portal-other",429,55,""
"POST /api/custom-notifications/:id/unread","portal-driver",429,55,""
"DELETE /api/custom-notifications/:id","anon",429,55,""
"DELETE /api/custom-notifications/:id","nobody",429,55,""
"DELETE /api/custom-notifications/:id","viewer",429,55,""
"DELETE /api/custom-notifications/:id","portal-admin",429,55,""
"DELETE /api/custom-notifications/:id","portal-other",429,55,""
"DELETE /api/custom-notifications/:id","portal-driver",429,55,""
"GET /api/damage-check-templates","anon",429,55,""
"GET /api/damage-check-templates","nobody",429,55,""
"GET /api/damage-check-templates","viewer",429,55,""
"GET /api/damage-check-templates","manager",429,55,""
"GET /api/damage-check-templates","admin",429,55,""
"GET /api/damage-check-templates","portal-admin",429,55,""
"GET /api/damage-check-templates","portal-other",429,55,""
"GET /api/damage-check-templates","portal-driver",429,55,""
"GET /api/damage-check-templates/:id","anon",429,55,""
"GET [999999999] /api/damage-check-templates/:id","anon",429,55,""
"GET /api/damage-check-templates/:id","nobody",429,55,""
"GET [999999999] /api/damage-check-templates/:id","nobody",429,55,""
"GET /api/damage-check-templates/:id","viewer",429,55,""
"GET [999999999] /api/damage-check-templates/:id","viewer",429,55,""
"GET /api/damage-check-templates/:id","manager",429,55,""
"GET [999999999] /api/damage-check-templates/:id","manager",429,55,""
"GET /api/damage-check-templates/:id","admin",429,55,""
"GET [999999999] /api/damage-check-templates/:id","admin",429,55,""
"GET /api/damage-check-templates/:id","portal-admin",429,55,""
"GET [999999999] /api/damage-check-templates/:id","portal-admin",429,55,""
"GET /api/damage-check-templates/:id","portal-other",429,55,""
"GET [999999999] /api/damage-check-templates/:id","portal-other",429,55,""
"GET /api/damage-check-templates/:id","portal-driver",429,55,""
"GET [999999999] /api/damage-check-templates/:id","portal-driver",429,55,""
"GET /api/damage-check-templates/by-vehicle","anon",429,55,""
"GET /api/damage-check-templates/by-vehicle","nobody",429,55,""
"GET /api/damage-check-templates/by-vehicle","viewer",429,55,""
"GET /api/damage-check-templates/by-vehicle","manager",429,55,""
"GET /api/damage-check-templates/by-vehicle","admin",429,55,""
"GET /api/damage-check-templates/by-vehicle","portal-admin",429,55,""
"GET /api/damage-check-templates/by-vehicle","portal-other",429,55,""
"GET /api/damage-check-templates/by-vehicle","portal-driver",429,55,""
"GET /api/damage-check-templates/default/template","anon",429,55,""
"GET /api/damage-check-templates/default/template","nobody",429,55,""
"GET /api/damage-check-templates/default/template","viewer",429,55,""
"GET /api/damage-check-templates/default/template","manager",429,55,""
"GET /api/damage-check-templates/default/template","admin",429,55,""
"GET /api/damage-check-templates/default/template","portal-admin",429,55,""
"GET /api/damage-check-templates/default/template","portal-other",429,55,""
"GET /api/damage-check-templates/default/template","portal-driver",429,55,""
"POST /api/damage-check-templates/preview-pdf","anon",429,55,""
"POST /api/damage-check-templates/preview-pdf","nobody",429,55,""
"POST /api/damage-check-templates/preview-pdf","viewer",429,55,""
"POST /api/damage-check-templates/preview-pdf","portal-admin",429,55,""
"POST /api/damage-check-templates/preview-pdf","portal-other",429,55,""
"POST /api/damage-check-templates/preview-pdf","portal-driver",429,55,""
"POST /api/damage-check-templates","anon",429,55,""
"POST /api/damage-check-templates","nobody",429,55,""
"POST /api/damage-check-templates","viewer",429,55,""
"POST /api/damage-check-templates","portal-admin",429,55,""
"POST /api/damage-check-templates","portal-other",429,55,""
"POST /api/damage-check-templates","portal-driver",429,55,""
"PUT /api/damage-check-templates/:id","anon",429,55,""
"PUT /api/damage-check-templates/:id","nobody",429,55,""
"PUT /api/damage-check-templates/:id","viewer",429,55,""
"PUT /api/damage-check-templates/:id","portal-admin",429,55,""
"PUT /api/damage-check-templates/:id","portal-other",429,55,""
"PUT /api/damage-check-templates/:id","portal-driver",429,55,""
"POST /api/damage-check-templates/upload-photo","anon",429,55,""
"POST /api/damage-check-templates/upload-photo","nobody",429,55,""
"POST /api/damage-check-templates/upload-photo","viewer",429,55,""
"POST /api/damage-check-templates/upload-photo","portal-admin",429,55,""
"POST /api/damage-check-templates/upload-photo","portal-other",429,55,""
"POST /api/damage-check-templates/upload-photo","portal-driver",429,55,""
"POST /api/damage-check-templates/:id/set-default","anon",429,55,""
"POST /api/damage-check-templates/:id/set-default","nobody",429,55,""
"POST /api/damage-check-templates/:id/set-default","viewer",429,55,""
"POST /api/damage-check-templates/:id/set-default","portal-admin",429,55,""
"POST /api/damage-check-templates/:id/set-default","portal-other",429,55,""
"POST /api/damage-check-templates/:id/set-default","portal-driver",429,55,""
"POST /api/damage-check-templates/:id/clone","anon",429,55,""
"POST /api/damage-check-templates/:id/clone","nobody",429,55,""
"POST /api/damage-check-templates/:id/clone","viewer",429,55,""
"POST /api/damage-check-templates/:id/clone","portal-admin",429,55,""
"POST /api/damage-check-templates/:id/clone","portal-other",429,55,""
"POST /api/damage-check-templates/:id/clone","portal-driver",429,55,""
"DELETE /api/damage-check-templates/:id","anon",429,55,""
"DELETE /api/damage-check-templates/:id","nobody",429,55,""
"DELETE /api/damage-check-templates/:id","viewer",429,55,""
"DELETE /api/damage-check-templates/:id","portal-admin",429,55,""
"DELETE /api/damage-check-templates/:id","portal-other",429,55,""
"DELETE /api/damage-check-templates/:id","portal-driver",429,55,""
"POST /api/damage-check-templates/:id/background","anon",429,55,""
"POST /api/damage-check-templates/:id/background","nobody",429,55,""
"POST /api/damage-check-templates/:id/background","viewer",429,55,""
"POST /api/damage-check-templates/:id/background","portal-admin",429,55,""
"POST /api/damage-check-templates/:id/background","portal-other",429,55,""
"POST /api/damage-check-templates/:id/background","portal-driver",429,55,""
"DELETE /api/damage-check-templates/:id/background","anon",429,55,""
"DELETE /api/damage-check-templates/:id/background","nobody",429,55,""
"DELETE /api/damage-check-templates/:id/background","viewer",429,55,""
"DELETE /api/damage-check-templates/:id/background","portal-admin",429,55,""
"DELETE /api/damage-check-templates/:id/background","portal-other",429,55,""
"DELETE /api/damage-check-templates/:id/background","portal-driver",429,55,""
"GET /api/damage-check-templates/backgrounds/all","anon",429,55,""
"GET /api/damage-check-templates/backgrounds/all","nobody",429,55,""
"GET /api/damage-check-templates/backgrounds/all","viewer",429,55,""
"GET /api/damage-check-templates/backgrounds/all","manager",429,55,""
"GET /api/damage-check-templates/backgrounds/all","admin",429,55,""
"GET /api/damage-check-templates/backgrounds/all","portal-admin",429,55,""
"GET /api/damage-check-templates/backgrounds/all","portal-other",429,55,""
"GET /api/damage-check-templates/backgrounds/all","portal-driver",429,55,""
"GET /api/damage-check-templates/:id/backgrounds","anon",429,55,""
"GET [999999999] /api/damage-check-templates/:id/backgrounds","anon",429,55,""
"GET /api/damage-check-templates/:id/backgrounds","nobody",429,55,""
"GET [999999999] /api/damage-check-templates/:id/backgrounds","nobody",429,55,""
"GET /api/damage-check-templates/:id/backgrounds","viewer",429,55,""
"GET [999999999] /api/damage-check-templates/:id/backgrounds","viewer",429,55,""
"GET /api/damage-check-templates/:id/backgrounds","manager",429,55,""
"GET [999999999] /api/damage-check-templates/:id/backgrounds","manager",429,55,""
"GET /api/damage-check-templates/:id/backgrounds","admin",429,55,""
"GET [999999999] /api/damage-check-templates/:id/backgrounds","admin",429,55,""
"GET /api/damage-check-templates/:id/backgrounds","portal-admin",429,55,""
"GET [999999999] /api/damage-check-templates/:id/backgrounds","portal-admin",429,55,""
"GET /api/damage-check-templates/:id/backgrounds","portal-other",429,55,""
"GET [999999999] /api/damage-check-templates/:id/backgrounds","portal-other",429,55,""
"GET /api/damage-check-templates/:id/backgrounds","portal-driver",429,55,""
"GET [999999999] /api/damage-check-templates/:id/backgrounds","portal-driver",429,55,""
"POST /api/damage-check-templates/:id/backgrounds","anon",429,55,""
"POST /api/damage-check-templates/:id/backgrounds","nobody",429,55,""
"POST /api/damage-check-templates/:id/backgrounds","viewer",429,55,""
"POST /api/damage-check-templates/:id/backgrounds","portal-admin",429,55,""
"POST /api/damage-check-templates/:id/backgrounds","portal-other",429,55,""
"POST /api/damage-check-templates/:id/backgrounds","portal-driver",429,55,""
"POST /api/damage-check-templates/:id/backgrounds/:backgroundId/select","anon",429,55,""
"POST /api/damage-check-templates/:id/backgrounds/:backgroundId/select","nobody",429,55,""
"POST /api/damage-check-templates/:id/backgrounds/:backgroundId/select","viewer",429,55,""
"POST /api/damage-check-templates/:id/backgrounds/:backgroundId/select","portal-admin",429,55,""
"POST /api/damage-check-templates/:id/backgrounds/:backgroundId/select","portal-other",429,55,""
"POST /api/damage-check-templates/:id/backgrounds/:backgroundId/select","portal-driver",429,55,""
"DELETE /api/damage-check-templates/:id/backgrounds/:backgroundId","anon",429,55,""
"DELETE /api/damage-check-templates/:id/backgrounds/:backgroundId","nobody",429,55,""
"DELETE /api/damage-check-templates/:id/backgrounds/:backgroundId","viewer",429,55,""
"DELETE /api/damage-check-templates/:id/backgrounds/:backgroundId","portal-admin",429,55,""
"DELETE /api/damage-check-templates/:id/backgrounds/:backgroundId","portal-other",429,55,""
"DELETE /api/damage-check-templates/:id/backgrounds/:backgroundId","portal-driver",429,55,""
"GET /api/damage-check-templates/:id/export","anon",429,55,""
"GET [999999999] /api/damage-check-templates/:id/export","anon",429,55,""
"GET /api/damage-check-templates/:id/export","nobody",429,55,""
"GET [999999999] /api/damage-check-templates/:id/export","nobody",429,55,""
"GET /api/damage-check-templates/:id/export","viewer",429,55,""
"GET [999999999] /api/damage-check-templates/:id/export","viewer",429,55,""
"GET /api/damage-check-templates/:id/export","manager",429,55,""
"GET [999999999] /api/damage-check-templates/:id/export","manager",429,55,""
"GET /api/damage-check-templates/:id/export","admin",429,55,""
"GET [999999999] /api/damage-check-templates/:id/export","admin",429,55,""
"GET /api/damage-check-templates/:id/export","portal-admin",429,55,""
"GET [999999999] /api/damage-check-templates/:id/export","portal-admin",429,55,""
"GET /api/damage-check-templates/:id/export","portal-other",429,55,""
"GET [999999999] /api/damage-check-templates/:id/export","portal-other",429,55,""
"GET /api/damage-check-templates/:id/export","portal-driver",429,55,""
"GET [999999999] /api/damage-check-templates/:id/export","portal-driver",429,55,""
"POST /api/damage-check-templates/import","anon",429,55,""
"POST /api/damage-check-templates/import","nobody",429,55,""
"POST /api/damage-check-templates/import","viewer",429,55,""
"POST /api/damage-check-templates/import","portal-admin",429,55,""
"POST /api/damage-check-templates/import","portal-other",429,55,""
"POST /api/damage-check-templates/import","portal-driver",429,55,""
"GET /api/email-logs","anon",429,55,""
"GET /api/email-logs","nobody",429,55,""
"GET /api/email-logs","viewer",429,55,""
"GET /api/email-logs","manager",429,55,""
"GET /api/email-logs","admin",429,55,""
"GET /api/email-logs","portal-admin",429,55,""
"GET /api/email-logs","portal-other",429,55,""
"GET /api/email-logs","portal-driver",429,55,""
"GET /api/email-logs/:id","anon",429,55,""
"GET [999999999] /api/email-logs/:id","anon",429,55,""
"GET /api/email-logs/:id","nobody",429,55,""
"GET [999999999] /api/email-logs/:id","nobody",429,55,""
"GET /api/email-logs/:id","viewer",429,55,""
"GET [999999999] /api/email-logs/:id","viewer",429,55,""
"GET /api/email-logs/:id","manager",429,55,""
"GET [999999999] /api/email-logs/:id","manager",429,55,""
"GET /api/email-logs/:id","admin",429,55,""
"GET [999999999] /api/email-logs/:id","admin",429,55,""
"GET /api/email-logs/:id","portal-admin",429,55,""
"GET [999999999] /api/email-logs/:id","portal-admin",429,55,""
"GET /api/email-logs/:id","portal-other",429,55,""
"GET [999999999] /api/email-logs/:id","portal-other",429,55,""
"GET /api/email-logs/:id","portal-driver",429,55,""
"GET [999999999] /api/email-logs/:id","portal-driver",429,55,""
"POST /api/email-logs","anon",429,55,""
"POST /api/email-logs","nobody",429,55,""
"POST /api/email-logs","viewer",429,55,""
"POST /api/email-logs","portal-admin",429,55,""
"POST /api/email-logs","portal-other",429,55,""
"POST /api/email-logs","portal-driver",429,55,""
"GET /api/email-templates","anon",429,55,""
"GET /api/email-templates","nobody",429,55,""
"GET /api/email-templates","viewer",429,55,""
"GET /api/email-templates","manager",429,55,""
"GET /api/email-templates","admin",429,55,""
"GET /api/email-templates","portal-admin",429,55,""
"GET /api/email-templates","portal-other",429,55,""
"GET /api/email-templates","portal-driver",429,55,""
"GET /api/email-templates/:id","anon",429,55,""
"GET [999999999] /api/email-templates/:id","anon",429,55,""
"GET /api/email-templates/:id","nobody",429,55,""
"GET [999999999] /api/email-templates/:id","nobody",429,55,""
"GET /api/email-templates/:id","viewer",429,55,""
"GET [999999999] /api/email-templates/:id","viewer",429,55,""
"GET /api/email-templates/:id","manager",429,55,""
"GET [999999999] /api/email-templates/:id","manager",429,55,""
"GET /api/email-templates/:id","admin",429,55,""
"GET [999999999] /api/email-templates/:id","admin",429,55,""
"GET /api/email-templates/:id","portal-admin",429,55,""
"GET [999999999] /api/email-templates/:id","portal-admin",429,55,""
"GET /api/email-templates/:id","portal-other",429,55,""
"GET [999999999] /api/email-templates/:id","portal-other",429,55,""
"GET /api/email-templates/:id","portal-driver",429,55,""
"GET [999999999] /api/email-templates/:id","portal-driver",429,55,""
"POST /api/email-templates","anon",429,55,""
"POST /api/email-templates","nobody",429,55,""
"POST /api/email-templates","viewer",429,55,""
"POST /api/email-templates","portal-admin",429,55,""
"POST /api/email-templates","portal-other",429,55,""
"POST /api/email-templates","portal-driver",429,55,""
"PUT /api/email-templates/:id","anon",429,55,""
"PUT /api/email-templates/:id","nobody",429,55,""
"PUT /api/email-templates/:id","viewer",429,55,""
"PUT /api/email-templates/:id","portal-admin",429,55,""
"PUT /api/email-templates/:id","portal-other",429,55,""
"PUT /api/email-templates/:id","portal-driver",429,55,""
"DELETE /api/email-templates/:id","anon",429,55,""
"DELETE /api/email-templates/:id","nobody",429,55,""
"DELETE /api/email-templates/:id","viewer",429,55,""
"DELETE /api/email-templates/:id","portal-admin",429,55,""
"DELETE /api/email-templates/:id","portal-other",429,55,""
"DELETE /api/email-templates/:id","portal-driver",429,55,""
"GET /api/expenses/recent","anon",429,55,""
"GET /api/expenses/recent","nobody",429,55,""
"GET /api/expenses/recent","viewer",429,55,""
"GET /api/expenses/recent","manager",429,55,""
"GET /api/expenses/recent","admin",429,55,""
"GET /api/expenses/recent","portal-admin",429,55,""
"GET /api/expenses/recent","portal-other",429,55,""
"GET /api/expenses/recent","portal-driver",429,55,""
"GET /api/expenses/vehicle/:vehicleId","anon",429,55,""
"GET [999999999] /api/expenses/vehicle/:vehicleId","anon",429,55,""
"GET /api/expenses/vehicle/:vehicleId","nobody",429,55,""
"GET [999999999] /api/expenses/vehicle/:vehicleId","nobody",429,55,""
"GET /api/expenses/vehicle/:vehicleId","viewer",429,55,""
"GET [999999999] /api/expenses/vehicle/:vehicleId","viewer",429,55,""
"GET /api/expenses/vehicle/:vehicleId","manager",429,55,""
"GET [999999999] /api/expenses/vehicle/:vehicleId","manager",429,55,""
"GET /api/expenses/vehicle/:vehicleId","admin",429,55,""
"GET [999999999] /api/expenses/vehicle/:vehicleId","admin",429,55,""
"GET /api/expenses/vehicle/:vehicleId","portal-admin",429,55,""
"GET [999999999] /api/expenses/vehicle/:vehicleId","portal-admin",429,55,""
"GET /api/expenses/vehicle/:vehicleId","portal-other",429,55,""
"GET [999999999] /api/expenses/vehicle/:vehicleId","portal-other",429,55,""
"GET /api/expenses/vehicle/:vehicleId","portal-driver",429,55,""
"GET [999999999] /api/expenses/vehicle/:vehicleId","portal-driver",429,55,""
"GET /api/expenses","anon",429,55,""
"GET /api/expenses","nobody",429,55,""
"GET /api/expenses","viewer",429,55,""
"GET /api/expenses","manager",429,55,""
"GET /api/expenses","admin",429,55,""
"GET /api/expenses","portal-admin",429,55,""
"GET /api/expenses","portal-other",429,55,""
"GET /api/expenses","portal-driver",429,55,""
"GET /api/expenses/:id","anon",429,55,""
"GET [999999999] /api/expenses/:id","anon",429,55,""
"GET /api/expenses/:id","nobody",429,55,""
"GET [999999999] /api/expenses/:id","nobody",429,55,""
"GET /api/expenses/:id","viewer",429,55,""
"GET [999999999] /api/expenses/:id","viewer",429,55,""
"GET /api/expenses/:id","manager",429,55,""
"GET [999999999] /api/expenses/:id","manager",429,55,""
"GET /api/expenses/:id","admin",429,55,""
"GET [999999999] /api/expenses/:id","admin",429,55,""
"GET /api/expenses/:id","portal-admin",429,55,""
"GET [999999999] /api/expenses/:id","portal-admin",429,55,""
"GET /api/expenses/:id","portal-other",429,55,""
"GET [999999999] /api/expenses/:id","portal-other",429,55,""
"GET /api/expenses/:id","portal-driver",429,55,""
"GET [999999999] /api/expenses/:id","portal-driver",429,55,""
"GET /api/expenses/:id/receipt","anon",429,55,""
"GET [999999999] /api/expenses/:id/receipt","anon",429,55,""
"GET /api/expenses/:id/receipt","nobody",429,55,""
"GET [999999999] /api/expenses/:id/receipt","nobody",429,55,""
"GET /api/expenses/:id/receipt","viewer",429,55,""
"GET [999999999] /api/expenses/:id/receipt","viewer",429,55,""
"GET /api/expenses/:id/receipt","manager",429,55,""
"GET [999999999] /api/expenses/:id/receipt","manager",429,55,""
"GET /api/expenses/:id/receipt","admin",429,55,""
"GET [999999999] /api/expenses/:id/receipt","admin",429,55,""
"GET /api/expenses/:id/receipt","portal-admin",429,55,""
"GET [999999999] /api/expenses/:id/receipt","portal-admin",429,55,""
"GET /api/expenses/:id/receipt","portal-other",429,55,""
"GET [999999999] /api/expenses/:id/receipt","portal-other",429,55,""
"GET /api/expenses/:id/receipt","portal-driver",429,55,""
"GET [999999999] /api/expenses/:id/receipt","portal-driver",429,55,""
"DELETE /api/expenses/:id","anon",429,55,""
"DELETE /api/expenses/:id","nobody",429,55,""
"DELETE /api/expenses/:id","viewer",429,55,""
"DELETE /api/expenses/:id","portal-admin",429,55,""
"DELETE /api/expenses/:id","portal-other",429,55,""
"DELETE /api/expenses/:id","portal-driver",429,55,""
"POST /api/expenses","anon",429,55,""
"POST /api/expenses","nobody",429,55,""
"POST /api/expenses","viewer",429,55,""
"POST /api/expenses","portal-admin",429,55,""
"POST /api/expenses","portal-other",429,55,""
"POST /api/expenses","portal-driver",429,55,""
"POST /api/expenses/with-receipt","anon",429,55,""
"POST /api/expenses/with-receipt","nobody",429,55,""
"POST /api/expenses/with-receipt","viewer",429,55,""
"POST /api/expenses/with-receipt","portal-admin",429,55,""
"POST /api/expenses/with-receipt","portal-other",429,55,""
"POST /api/expenses/with-receipt","portal-driver",429,55,""
"PATCH /api/expenses/:id","anon",429,55,""
"PATCH /api/expenses/:id","nobody",429,55,""
"PATCH /api/expenses/:id","viewer",429,55,""
"PATCH /api/expenses/:id","portal-admin",429,55,""
"PATCH /api/expenses/:id","portal-other",429,55,""
"PATCH /api/expenses/:id","portal-driver",429,55,""
"PATCH /api/expenses/:id/with-receipt","anon",429,55,""
"PATCH /api/expenses/:id/with-receipt","nobody",429,55,""
"PATCH /api/expenses/:id/with-receipt","viewer",429,55,""
"PATCH /api/expenses/:id/with-receipt","portal-admin",429,55,""
"PATCH /api/expenses/:id/with-receipt","portal-other",429,55,""
"PATCH /api/expenses/:id/with-receipt","portal-driver",429,55,""
"POST /api/expenses/scan","anon",429,55,""
"POST /api/expenses/scan","nobody",429,55,""
"POST /api/expenses/scan","viewer",429,55,""
"POST /api/expenses/scan","portal-admin",429,55,""
"POST /api/expenses/scan","portal-other",429,55,""
"POST /api/expenses/scan","portal-driver",429,55,""
"POST /api/expenses/from-invoice","anon",429,55,""
"POST /api/expenses/from-invoice","nobody",429,55,""
"POST /api/expenses/from-invoice","viewer",429,55,""
"POST /api/expenses/from-invoice","portal-admin",429,55,""
"POST /api/expenses/from-invoice","portal-other",429,55,""
"POST /api/expenses/from-invoice","portal-driver",429,55,""
"GET /api/vehicles/filtered","anon",429,55,""
"GET /api/vehicles/filtered","nobody",429,55,""
"GET /api/vehicles/filtered","viewer",429,55,""
"GET /api/vehicles/filtered","manager",429,55,""
"GET /api/vehicles/filtered","admin",429,55,""
"GET /api/vehicles/filtered","portal-admin",429,55,""
"GET /api/vehicles/filtered","portal-other",429,55,""
"GET /api/vehicles/filtered","portal-driver",429,55,""
"GET /api/fines/imports","anon",429,55,""
"GET /api/fines/imports","nobody",429,55,""
"GET /api/fines/imports","viewer",429,55,""
"GET /api/fines/imports","manager",429,55,""
"GET /api/fines/imports","admin",429,55,""
"GET /api/fines/imports","portal-admin",429,55,""
"GET /api/fines/imports","portal-other",429,55,""
"GET /api/fines/imports","portal-driver",429,55,""
"GET /api/fines/imports/status","anon",429,55,""
"GET /api/fines/imports/status","nobody",429,55,""
"GET /api/fines/imports/status","viewer",429,55,""
"GET /api/fines/imports/status","manager",429,55,""
"GET /api/fines/imports/status","admin",429,55,""
"GET /api/fines/imports/status","portal-admin",429,55,""
"GET /api/fines/imports/status","portal-other",429,55,""
"GET /api/fines/imports/status","portal-driver",429,55,""
"POST /api/fines/imports/run","anon",429,55,""
"POST /api/fines/imports/run","nobody",429,55,""
"POST /api/fines/imports/run","viewer",429,55,""
"POST /api/fines/imports/run","portal-admin",429,55,""
"POST /api/fines/imports/run","portal-other",429,55,""
"POST /api/fines/imports/run","portal-driver",429,55,""
"POST /api/fines/imports/upload","anon",429,55,""
"POST /api/fines/imports/upload","nobody",429,55,""
"POST /api/fines/imports/upload","viewer",429,55,""
"POST /api/fines/imports/upload","portal-admin",429,55,""
"POST /api/fines/imports/upload","portal-other",429,55,""
"POST /api/fines/imports/upload","portal-driver",429,55,""
"GET /api/fines/imports/:id/file","anon",429,55,""
"GET [999999999] /api/fines/imports/:id/file","anon",429,55,""
"GET /api/fines/imports/:id/file","nobody",429,55,""
"GET [999999999] /api/fines/imports/:id/file","nobody",429,55,""
"GET /api/fines/imports/:id/file","viewer",429,55,""
"GET [999999999] /api/fines/imports/:id/file","viewer",429,55,""
"GET /api/fines/imports/:id/file","manager",429,55,""
"GET [999999999] /api/fines/imports/:id/file","manager",429,55,""
"GET /api/fines/imports/:id/file","admin",429,55,""
"GET [999999999] /api/fines/imports/:id/file","admin",429,55,""
"GET /api/fines/imports/:id/file","portal-admin",429,55,""
"GET [999999999] /api/fines/imports/:id/file","portal-admin",429,55,""
"GET /api/fines/imports/:id/file","portal-other",429,55,""
"GET [999999999] /api/fines/imports/:id/file","portal-other",429,55,""
"GET /api/fines/imports/:id/file","portal-driver",429,55,""
"GET [999999999] /api/fines/imports/:id/file","portal-driver",429,55,""
"GET /api/fines/cjib-config","anon",429,55,""
"GET /api/fines/cjib-config","nobody",429,55,""
"GET /api/fines/cjib-config","viewer",429,55,""
"GET /api/fines/cjib-config","manager",429,55,""
"GET /api/fines/cjib-config","admin",429,55,""
"GET /api/fines/cjib-config","portal-admin",429,55,""
"GET /api/fines/cjib-config","portal-other",429,55,""
"GET /api/fines/cjib-config","portal-driver",429,55,""
"PUT /api/fines/cjib-config","anon",429,55,""
"PUT /api/fines/cjib-config","nobody",429,55,""
"PUT /api/fines/cjib-config","viewer",429,55,""
"PUT /api/fines/cjib-config","portal-admin",429,55,""
"PUT /api/fines/cjib-config","portal-other",429,55,""
"PUT /api/fines/cjib-config","portal-driver",429,55,""
"POST /api/fines/cjib-config/test","anon",429,55,""
"POST /api/fines/cjib-config/test","nobody",429,55,""
"POST /api/fines/cjib-config/test","viewer",429,55,""
"POST /api/fines/cjib-config/test","portal-admin",429,55,""
"POST /api/fines/cjib-config/test","portal-other",429,55,""
"POST /api/fines/cjib-config/test","portal-driver",429,55,""
"POST /api/fines/scan","anon",429,55,""
"POST /api/fines/scan","nobody",429,55,""
"POST /api/fines/scan","viewer",429,55,""
"POST /api/fines/scan","portal-admin",429,55,""
"POST /api/fines/scan","portal-other",429,55,""
"POST /api/fines/scan","portal-driver",429,55,""
"GET /api/fines","anon",429,55,""
"GET /api/fines","nobody",429,55,""
"GET /api/fines","viewer",429,55,""
"GET /api/fines","manager",429,55,""
"GET /api/fines","admin",429,55,""
"GET /api/fines","portal-admin",429,55,""
"GET /api/fines","portal-other",429,55,""
"GET /api/fines","portal-driver",429,55,""
"GET /api/fines/count","anon",429,55,""
"GET /api/fines/count","nobody",429,55,""
"GET /api/fines/count","viewer",429,55,""
"GET /api/fines/count","manager",429,55,""
"GET /api/fines/count","admin",429,55,""
"GET /api/fines/count","portal-admin",429,55,""
"GET /api/fines/count","portal-other",429,55,""
"GET /api/fines/count","portal-driver",429,55,""
"GET /api/fines/:id","anon",429,55,""
"GET [999999999] /api/fines/:id","anon",429,55,""
"GET /api/fines/:id","nobody",429,55,""
"GET [999999999] /api/fines/:id","nobody",429,55,""
"GET /api/fines/:id","viewer",429,55,""
"GET [999999999] /api/fines/:id","viewer",429,55,""
"GET /api/fines/:id","manager",429,55,""
"GET [999999999] /api/fines/:id","manager",429,55,""
"GET /api/fines/:id","admin",429,55,""
"GET [999999999] /api/fines/:id","admin",429,55,""
"GET /api/fines/:id","portal-admin",429,55,""
"GET [999999999] /api/fines/:id","portal-admin",429,55,""
"GET /api/fines/:id","portal-other",429,55,""
"GET [999999999] /api/fines/:id","portal-other",429,55,""
"GET /api/fines/:id","portal-driver",429,55,""
"GET [999999999] /api/fines/:id","portal-driver",429,55,""
"POST /api/fines","anon",429,55,""
"POST /api/fines","nobody",429,55,""
"POST /api/fines","viewer",429,55,""
"POST /api/fines","portal-admin",429,55,""
"POST /api/fines","portal-other",429,55,""
"POST /api/fines","portal-driver",429,55,""
"PATCH /api/fines/:id","anon",429,55,""
"PATCH /api/fines/:id","nobody",429,55,""
"PATCH /api/fines/:id","viewer",429,55,""
"PATCH /api/fines/:id","portal-admin",429,55,""
"PATCH /api/fines/:id","portal-other",429,55,""
"PATCH /api/fines/:id","portal-driver",429,55,""
"POST /api/fines/:id/letter","anon",429,55,""
"POST /api/fines/:id/letter","nobody",429,55,""
"POST /api/fines/:id/letter","viewer",429,55,""
"POST /api/fines/:id/letter","portal-admin",429,55,""
"POST /api/fines/:id/letter","portal-other",429,55,""
"POST /api/fines/:id/letter","portal-driver",429,55,""
"GET /api/fines/:id/letter","anon",429,55,""
"GET [999999999] /api/fines/:id/letter","anon",429,55,""
"GET /api/fines/:id/letter","nobody",429,55,""
"GET [999999999] /api/fines/:id/letter","nobody",429,55,""
"GET /api/fines/:id/letter","viewer",429,55,""
"GET [999999999] /api/fines/:id/letter","viewer",429,55,""
"GET /api/fines/:id/letter","manager",429,55,""
"GET [999999999] /api/fines/:id/letter","manager",429,55,""
"GET /api/fines/:id/letter","admin",429,55,""
"GET [999999999] /api/fines/:id/letter","admin",429,55,""
"GET /api/fines/:id/letter","portal-admin",429,55,""
"GET [999999999] /api/fines/:id/letter","portal-admin",429,55,""
"GET /api/fines/:id/letter","portal-other",429,55,""
"GET [999999999] /api/fines/:id/letter","portal-other",429,55,""
"GET /api/fines/:id/letter","portal-driver",429,55,""
"GET [999999999] /api/fines/:id/letter","portal-driver",429,55,""
"POST /api/fines/:id/link","anon",429,55,""
"POST /api/fines/:id/link","nobody",429,55,""
"POST /api/fines/:id/link","viewer",429,55,""
"POST /api/fines/:id/link","portal-admin",429,55,""
"POST /api/fines/:id/link","portal-other",429,55,""
"POST /api/fines/:id/link","portal-driver",429,55,""
"POST /api/fines/:id/unlink","anon",429,55,""
"POST /api/fines/:id/unlink","nobody",429,55,""
"POST /api/fines/:id/unlink","viewer",429,55,""
"POST /api/fines/:id/unlink","portal-admin",429,55,""
"POST /api/fines/:id/unlink","portal-other",429,55,""
"POST /api/fines/:id/unlink","portal-driver",429,55,""
"POST /api/fines/:id/reactivate","anon",429,55,""
"POST /api/fines/:id/reactivate","nobody",429,55,""
"POST /api/fines/:id/reactivate","viewer",429,55,""
"POST /api/fines/:id/reactivate","portal-admin",429,55,""
"POST /api/fines/:id/reactivate","portal-other",429,55,""
"POST /api/fines/:id/reactivate","portal-driver",429,55,""
"DELETE /api/fines/:id","anon",429,55,""
"DELETE /api/fines/:id","nobody",429,55,""
"DELETE /api/fines/:id","viewer",429,55,""
"DELETE /api/fines/:id","portal-admin",429,55,""
"DELETE /api/fines/:id","portal-other",429,55,""
"DELETE /api/fines/:id","portal-driver",429,55,""
"POST /api/fines/:id/status","anon",429,55,""
"POST /api/fines/:id/status","nobody",429,55,""
"POST /api/fines/:id/status","viewer",429,55,""
"POST /api/fines/:id/status","portal-admin",429,55,""
"POST /api/fines/:id/status","portal-other",429,55,""
"POST /api/fines/:id/status","portal-driver",429,55,""
"POST /api/notifications/send","anon",429,55,""
"POST /api/notifications/send","nobody",429,55,""
"POST /api/notifications/send","viewer",429,55,""
"POST /api/notifications/send","portal-admin",429,55,""
"POST /api/notifications/send","portal-other",429,55,""
"POST /api/notifications/send","portal-driver",429,55,""
"POST /api/notifications/send-gps-activation","anon",429,55,""
"POST /api/notifications/send-gps-activation","nobody",429,55,""
"POST /api/notifications/send-gps-activation","viewer",429,55,""
"POST /api/notifications/send-gps-activation","portal-admin",429,55,""
"POST /api/notifications/send-gps-activation","portal-other",429,55,""
"POST /api/notifications/send-gps-activation","portal-driver",429,55,""
"GET /api/pdf-templates","anon",429,55,""
"GET /api/pdf-templates","nobody",429,55,""
"GET /api/pdf-templates","viewer",429,55,""
"GET /api/pdf-templates","manager",429,55,""
"GET /api/pdf-templates","admin",429,55,""
"GET /api/pdf-templates","portal-admin",429,55,""
"GET /api/pdf-templates","portal-other",429,55,""
"GET /api/pdf-templates","portal-driver",429,55,""
"GET /api/pdf-templates/default","anon",429,55,""
"GET /api/pdf-templates/default","nobody",429,55,""
"GET /api/pdf-templates/default","viewer",429,55,""
"GET /api/pdf-templates/default","manager",429,55,""
"GET /api/pdf-templates/default","admin",429,55,""
"GET /api/pdf-templates/default","portal-admin",429,55,""
"GET /api/pdf-templates/default","portal-other",429,55,""
"GET /api/pdf-templates/default","portal-driver",429,55,""
"GET /api/pdf-templates/:id","anon",429,55,""
"GET [999999999] /api/pdf-templates/:id","anon",429,55,""
"GET /api/pdf-templates/:id","nobody",429,55,""
"GET [999999999] /api/pdf-templates/:id","nobody",429,55,""
"GET /api/pdf-templates/:id","viewer",429,55,""
"GET [999999999] /api/pdf-templates/:id","viewer",429,55,""
"GET /api/pdf-templates/:id","manager",429,55,""
"GET [999999999] /api/pdf-templates/:id","manager",429,55,""
"GET /api/pdf-templates/:id","admin",429,55,""
"GET [999999999] /api/pdf-templates/:id","admin",429,55,""
"GET /api/pdf-templates/:id","portal-admin",429,55,""
"GET [999999999] /api/pdf-templates/:id","portal-admin",429,55,""
"GET /api/pdf-templates/:id","portal-other",429,55,""
"GET [999999999] /api/pdf-templates/:id","portal-other",429,55,""
"GET /api/pdf-templates/:id","portal-driver",429,55,""
"GET [999999999] /api/pdf-templates/:id","portal-driver",429,55,""
"GET /api/pdf-templates/:id/preview","anon",429,55,""
"GET [999999999] /api/pdf-templates/:id/preview","anon",429,55,""
"GET /api/pdf-templates/:id/preview","nobody",429,55,""
"GET [999999999] /api/pdf-templates/:id/preview","nobody",429,55,""
"GET /api/pdf-templates/:id/preview","viewer",429,55,""
"GET [999999999] /api/pdf-templates/:id/preview","viewer",429,55,""
"GET /api/pdf-templates/:id/preview","manager",429,55,""
"GET [999999999] /api/pdf-templates/:id/preview","manager",429,55,""
"GET /api/pdf-templates/:id/preview","admin",429,55,""
"GET [999999999] /api/pdf-templates/:id/preview","admin",429,55,""
"GET /api/pdf-templates/:id/preview","portal-admin",429,55,""
"GET [999999999] /api/pdf-templates/:id/preview","portal-admin",429,55,""
"GET /api/pdf-templates/:id/preview","portal-other",429,55,""
"GET [999999999] /api/pdf-templates/:id/preview","portal-other",429,55,""
"GET /api/pdf-templates/:id/preview","portal-driver",429,55,""
"GET [999999999] /api/pdf-templates/:id/preview","portal-driver",429,55,""
"POST /api/pdf-templates","anon",429,55,""
"POST /api/pdf-templates","nobody",429,55,""
"POST /api/pdf-templates","viewer",429,55,""
"POST /api/pdf-templates","portal-admin",429,55,""
"POST /api/pdf-templates","portal-other",429,55,""
"POST /api/pdf-templates","portal-driver",429,55,""
"PATCH /api/pdf-templates/:id","anon",429,55,""
"PATCH /api/pdf-templates/:id","nobody",429,55,""
"PATCH /api/pdf-templates/:id","viewer",429,55,""
"PATCH /api/pdf-templates/:id","portal-admin",429,55,""
"PATCH /api/pdf-templates/:id","portal-other",429,55,""
"PATCH /api/pdf-templates/:id","portal-driver",429,55,""
"DELETE /api/pdf-templates/:id","anon",429,55,""
"DELETE /api/pdf-templates/:id","nobody",429,55,""
"DELETE /api/pdf-templates/:id","viewer",429,55,""
"DELETE /api/pdf-templates/:id","portal-admin",429,55,""
"DELETE /api/pdf-templates/:id","portal-other",429,55,""
"DELETE /api/pdf-templates/:id","portal-driver",429,55,""
"POST /api/pdf-templates/:id/background","anon",429,55,""
"POST /api/pdf-templates/:id/background","nobody",429,55,""
"POST /api/pdf-templates/:id/background","viewer",429,55,""
"POST /api/pdf-templates/:id/background","portal-admin",429,55,""
"POST /api/pdf-templates/:id/background","portal-other",429,55,""
"POST /api/pdf-templates/:id/background","portal-driver",429,55,""
"DELETE /api/pdf-templates/:id/background","anon",429,55,""
"DELETE /api/pdf-templates/:id/background","nobody",429,55,""
"DELETE /api/pdf-templates/:id/background","viewer",429,55,""
"DELETE /api/pdf-templates/:id/background","portal-admin",429,55,""
"DELETE /api/pdf-templates/:id/background","portal-other",429,55,""
"DELETE /api/pdf-templates/:id/background","portal-driver",429,55,""
"GET /api/pdf-templates/backgrounds/all","anon",429,55,""
"GET /api/pdf-templates/backgrounds/all","nobody",429,55,""
"GET /api/pdf-templates/backgrounds/all","viewer",429,55,""
"GET /api/pdf-templates/backgrounds/all","manager",429,55,""
"GET /api/pdf-templates/backgrounds/all","admin",429,55,""
"GET /api/pdf-templates/backgrounds/all","portal-admin",429,55,""
"GET /api/pdf-templates/backgrounds/all","portal-other",429,55,""
"GET /api/pdf-templates/backgrounds/all","portal-driver",429,55,""
"GET /api/pdf-templates/:id/backgrounds","anon",429,55,""
"GET [999999999] /api/pdf-templates/:id/backgrounds","anon",429,55,""
"GET /api/pdf-templates/:id/backgrounds","nobody",429,55,""
"GET [999999999] /api/pdf-templates/:id/backgrounds","nobody",429,55,""
"GET /api/pdf-templates/:id/backgrounds","viewer",429,55,""
"GET [999999999] /api/pdf-templates/:id/backgrounds","viewer",429,55,""
"GET /api/pdf-templates/:id/backgrounds","manager",429,55,""
"GET [999999999] /api/pdf-templates/:id/backgrounds","manager",429,55,""
"GET /api/pdf-templates/:id/backgrounds","admin",429,55,""
"GET [999999999] /api/pdf-templates/:id/backgrounds","admin",429,55,""
"GET /api/pdf-templates/:id/backgrounds","portal-admin",429,55,""
"GET [999999999] /api/pdf-templates/:id/backgrounds","portal-admin",429,55,""
"GET /api/pdf-templates/:id/backgrounds","portal-other",429,55,""
"GET [999999999] /api/pdf-templates/:id/backgrounds","portal-other",429,55,""
"GET /api/pdf-templates/:id/backgrounds","portal-driver",429,55,""
"GET [999999999] /api/pdf-templates/:id/backgrounds","portal-driver",429,55,""
"POST /api/pdf-templates/:id/backgrounds","anon",429,55,""
"POST /api/pdf-templates/:id/backgrounds","nobody",429,55,""
"POST /api/pdf-templates/:id/backgrounds","viewer",429,55,""
"POST /api/pdf-templates/:id/backgrounds","portal-admin",429,55,""
"POST /api/pdf-templates/:id/backgrounds","portal-other",429,55,""
"POST /api/pdf-templates/:id/backgrounds","portal-driver",429,55,""
"POST /api/pdf-templates/:id/backgrounds/:backgroundId/select","anon",429,55,""
"POST /api/pdf-templates/:id/backgrounds/:backgroundId/select","nobody",429,55,""
"POST /api/pdf-templates/:id/backgrounds/:backgroundId/select","viewer",429,55,""
"POST /api/pdf-templates/:id/backgrounds/:backgroundId/select","portal-admin",429,55,""
"POST /api/pdf-templates/:id/backgrounds/:backgroundId/select","portal-other",429,55,""
"POST /api/pdf-templates/:id/backgrounds/:backgroundId/select","portal-driver",429,55,""
"DELETE /api/pdf-templates/:id/backgrounds/:backgroundId","anon",429,55,""
"DELETE /api/pdf-templates/:id/backgrounds/:backgroundId","nobody",429,55,""
"DELETE /api/pdf-templates/:id/backgrounds/:backgroundId","viewer",429,55,""
"DELETE /api/pdf-templates/:id/backgrounds/:backgroundId","portal-admin",429,55,""
"DELETE /api/pdf-templates/:id/backgrounds/:backgroundId","portal-other",429,55,""
"DELETE /api/pdf-templates/:id/backgrounds/:backgroundId","portal-driver",429,55,""
"GET /api/portal-admin/accounts","anon",429,55,""
"GET /api/portal-admin/accounts","nobody",429,55,""
"GET /api/portal-admin/accounts","viewer",429,55,""
"GET /api/portal-admin/accounts","manager",429,55,""
"GET /api/portal-admin/accounts","admin",429,55,""
"GET /api/portal-admin/accounts","portal-admin",429,55,""
"GET /api/portal-admin/accounts","portal-other",429,55,""
"GET /api/portal-admin/accounts","portal-driver",429,55,""
"GET /api/portal-admin/customers/:customerId/accounts","anon",429,55,""
"GET [999999999] /api/portal-admin/customers/:customerId/accounts","anon",429,55,""
"GET /api/portal-admin/customers/:customerId/accounts","nobody",429,55,""
"GET [999999999] /api/portal-admin/customers/:customerId/accounts","nobody",429,55,""
"GET /api/portal-admin/customers/:customerId/accounts","viewer",429,55,""
"GET [999999999] /api/portal-admin/customers/:customerId/accounts","viewer",429,55,""
"GET /api/portal-admin/customers/:customerId/accounts","manager",429,55,""
"GET [999999999] /api/portal-admin/customers/:customerId/accounts","manager",429,55,""
"GET /api/portal-admin/customers/:customerId/accounts","admin",429,55,""
"GET [999999999] /api/portal-admin/customers/:customerId/accounts","admin",429,55,""
"GET /api/portal-admin/customers/:customerId/accounts","portal-admin",429,55,""
"GET [999999999] /api/portal-admin/customers/:customerId/accounts","portal-admin",429,55,""
"GET /api/portal-admin/customers/:customerId/accounts","portal-other",429,55,""
"GET [999999999] /api/portal-admin/customers/:customerId/accounts","portal-other",429,55,""
"GET /api/portal-admin/customers/:customerId/accounts","portal-driver",429,55,""
"GET [999999999] /api/portal-admin/customers/:customerId/accounts","portal-driver",429,55,""
"POST /api/portal-admin/customers/:customerId/accounts","anon",429,55,""
"POST /api/portal-admin/customers/:customerId/accounts","nobody",429,55,""
"POST /api/portal-admin/customers/:customerId/accounts","viewer",429,55,""
"POST /api/portal-admin/customers/:customerId/accounts","portal-admin",429,55,""
"POST /api/portal-admin/customers/:customerId/accounts","portal-other",429,55,""
"POST /api/portal-admin/customers/:customerId/accounts","portal-driver",429,55,""
"PATCH /api/portal-admin/accounts/:id","anon",429,55,""
"PATCH /api/portal-admin/accounts/:id","nobody",429,55,""
"PATCH /api/portal-admin/accounts/:id","viewer",429,55,""
"PATCH /api/portal-admin/accounts/:id","portal-admin",429,55,""
"PATCH /api/portal-admin/accounts/:id","portal-other",429,55,""
"PATCH /api/portal-admin/accounts/:id","portal-driver",429,55,""
"POST /api/portal-admin/accounts/:id/invite","anon",429,55,""
"POST /api/portal-admin/accounts/:id/invite","nobody",429,55,""
"POST /api/portal-admin/accounts/:id/invite","viewer",429,55,""
"POST /api/portal-admin/accounts/:id/invite","portal-admin",429,55,""
"POST /api/portal-admin/accounts/:id/invite","portal-other",429,55,""
"POST /api/portal-admin/accounts/:id/invite","portal-driver",429,55,""
"DELETE /api/portal-admin/accounts/:id","anon",429,55,""
"DELETE /api/portal-admin/accounts/:id","nobody",429,55,""
"DELETE /api/portal-admin/accounts/:id","viewer",429,55,""
"DELETE /api/portal-admin/accounts/:id","portal-admin",429,55,""
"DELETE /api/portal-admin/accounts/:id","portal-other",429,55,""
"DELETE /api/portal-admin/accounts/:id","portal-driver",429,55,""
"GET /api/portal-admin/customers/:customerId/settings","anon",429,55,""
"GET [999999999] /api/portal-admin/customers/:customerId/settings","anon",429,55,""
"GET /api/portal-admin/customers/:customerId/settings","nobody",429,55,""
"GET [999999999] /api/portal-admin/customers/:customerId/settings","nobody",429,55,""
"GET /api/portal-admin/customers/:customerId/settings","viewer",429,55,""
"GET [999999999] /api/portal-admin/customers/:customerId/settings","viewer",429,55,""
"GET /api/portal-admin/customers/:customerId/settings","manager",429,55,""
"GET [999999999] /api/portal-admin/customers/:customerId/settings","manager",429,55,""
"GET /api/portal-admin/customers/:customerId/settings","admin",429,55,""
"GET [999999999] /api/portal-admin/customers/:customerId/settings","admin",429,55,""
"GET /api/portal-admin/customers/:customerId/settings","portal-admin",429,55,""
"GET [999999999] /api/portal-admin/customers/:customerId/settings","portal-admin",429,55,""
"GET /api/portal-admin/customers/:customerId/settings","portal-other",429,55,""
"GET [999999999] /api/portal-admin/customers/:customerId/settings","portal-other",429,55,""
"GET /api/portal-admin/customers/:customerId/settings","portal-driver",429,55,""
"GET [999999999] /api/portal-admin/customers/:customerId/settings","portal-driver",429,55,""
"PATCH /api/portal-admin/customers/:customerId/settings","anon",429,55,""
"PATCH /api/portal-admin/customers/:customerId/settings","nobody",429,55,""
"PATCH /api/portal-admin/customers/:customerId/settings","viewer",429,55,""
"PATCH /api/portal-admin/customers/:customerId/settings","portal-admin",429,55,""
"PATCH /api/portal-admin/customers/:customerId/settings","portal-other",429,55,""
"PATCH /api/portal-admin/customers/:customerId/settings","portal-driver",429,55,""
"GET /api/portal-admin/customers-overview","anon",429,55,""
"GET /api/portal-admin/customers-overview","nobody",429,55,""
"GET /api/portal-admin/customers-overview","viewer",429,55,""
"GET /api/portal-admin/customers-overview","manager",429,55,""
"GET /api/portal-admin/customers-overview","admin",429,55,""
"GET /api/portal-admin/customers-overview","portal-admin",429,55,""
"GET /api/portal-admin/customers-overview","portal-other",429,55,""
"GET /api/portal-admin/customers-overview","portal-driver",429,55,""
"GET /api/portal-admin/dashboard","anon",429,55,""
"GET /api/portal-admin/dashboard","nobody",429,55,""
"GET /api/portal-admin/dashboard","viewer",429,55,""
"GET /api/portal-admin/dashboard","manager",429,55,""
"GET /api/portal-admin/dashboard","admin",429,55,""
"GET /api/portal-admin/dashboard","portal-admin",429,55,""
"GET /api/portal-admin/dashboard","portal-other",429,55,""
"GET /api/portal-admin/dashboard","portal-driver",429,55,""
"POST /api/portal-admin/notifications/:id/read","anon",429,55,""
"POST /api/portal-admin/notifications/:id/read","nobody",429,55,""
"POST /api/portal-admin/notifications/:id/read","viewer",429,55,""
"POST /api/portal-admin/notifications/:id/read","portal-admin",429,55,""
"POST /api/portal-admin/notifications/:id/read","portal-other",429,55,""
"POST /api/portal-admin/notifications/:id/read","portal-driver",429,55,""
"GET /api/portal-admin/unread-count","anon",429,55,""
"GET /api/portal-admin/unread-count","nobody",429,55,""
"GET /api/portal-admin/unread-count","viewer",429,55,""
"GET /api/portal-admin/unread-count","manager",429,55,""
"GET /api/portal-admin/unread-count","admin",429,55,""
"GET /api/portal-admin/unread-count","portal-admin",429,55,""
"GET /api/portal-admin/unread-count","portal-other",429,55,""
"GET /api/portal-admin/unread-count","portal-driver",429,55,""
"POST /api/portal-admin/notifications/mark-read","anon",429,55,""
"POST /api/portal-admin/notifications/mark-read","nobody",429,55,""
"POST /api/portal-admin/notifications/mark-read","viewer",429,55,""
"POST /api/portal-admin/notifications/mark-read","portal-admin",429,55,""
"POST /api/portal-admin/notifications/mark-read","portal-other",429,55,""
"POST /api/portal-admin/notifications/mark-read","portal-driver",429,55,""
"GET /api/portal-admin/activity","anon",429,55,""
"GET /api/portal-admin/activity","nobody",429,55,""
"GET /api/portal-admin/activity","viewer",429,55,""
"GET /api/portal-admin/activity","manager",429,55,""
"GET /api/portal-admin/activity","admin",429,55,""
"GET /api/portal-admin/activity","portal-admin",429,55,""
"GET /api/portal-admin/activity","portal-other",429,55,""
"GET /api/portal-admin/activity","portal-driver",429,55,""
"GET /api/portal-admin/vehicles-online","anon",429,55,""
"GET /api/portal-admin/vehicles-online","nobody",429,55,""
"GET /api/portal-admin/vehicles-online","viewer",429,55,""
"GET /api/portal-admin/vehicles-online","manager",429,55,""
"GET /api/portal-admin/vehicles-online","admin",429,55,""
"GET /api/portal-admin/vehicles-online","portal-admin",429,55,""
"GET /api/portal-admin/vehicles-online","portal-other",429,55,""
"GET /api/portal-admin/vehicles-online","portal-driver",429,55,""
"GET /api/portal-admin/blacklist","anon",429,55,""
"GET /api/portal-admin/blacklist","nobody",429,55,""
"GET /api/portal-admin/blacklist","viewer",429,55,""
"GET /api/portal-admin/blacklist","manager",429,55,""
"GET /api/portal-admin/blacklist","admin",429,55,""
"GET /api/portal-admin/blacklist","portal-admin",429,55,""
"GET /api/portal-admin/blacklist","portal-other",429,55,""
"GET /api/portal-admin/blacklist","portal-driver",429,55,""
"POST /api/portal-admin/blacklist","anon",429,55,""
"POST /api/portal-admin/blacklist","nobody",429,55,""
"POST /api/portal-admin/blacklist","viewer",429,55,""
"POST /api/portal-admin/blacklist","portal-admin",429,55,""
"POST /api/portal-admin/blacklist","portal-other",429,55,""
"POST /api/portal-admin/blacklist","portal-driver",429,55,""
"PATCH /api/portal-admin/blacklist/:id","anon",429,55,""
"PATCH /api/portal-admin/blacklist/:id","nobody",429,55,""
"PATCH /api/portal-admin/blacklist/:id","viewer",429,55,""
"PATCH /api/portal-admin/blacklist/:id","portal-admin",429,55,""
"PATCH /api/portal-admin/blacklist/:id","portal-other",429,55,""
"PATCH /api/portal-admin/blacklist/:id","portal-driver",429,55,""
"DELETE /api/portal-admin/blacklist/:id","anon",429,55,""
"DELETE /api/portal-admin/blacklist/:id","nobody",429,55,""
"DELETE /api/portal-admin/blacklist/:id","viewer",429,55,""
"DELETE /api/portal-admin/blacklist/:id","portal-admin",429,55,""
"DELETE /api/portal-admin/blacklist/:id","portal-other",429,55,""
"DELETE /api/portal-admin/blacklist/:id","portal-driver",429,55,""
"PATCH /api/portal-admin/vehicles-online/:id","anon",429,55,""
"PATCH /api/portal-admin/vehicles-online/:id","nobody",429,55,""
"PATCH /api/portal-admin/vehicles-online/:id","viewer",429,55,""
"PATCH /api/portal-admin/vehicles-online/:id","portal-admin",429,55,""
"PATCH /api/portal-admin/vehicles-online/:id","portal-other",429,55,""
"PATCH /api/portal-admin/vehicles-online/:id","portal-driver",429,55,""
"POST /api/portal-admin/vehicles-online/bulk","anon",429,55,""
"POST /api/portal-admin/vehicles-online/bulk","nobody",429,55,""
"POST /api/portal-admin/vehicles-online/bulk","viewer",429,55,""
"POST /api/portal-admin/vehicles-online/bulk","portal-admin",429,55,""
"POST /api/portal-admin/vehicles-online/bulk","portal-other",429,55,""
"POST /api/portal-admin/vehicles-online/bulk","portal-driver",429,55,""
"GET /api/portal-admin/config","anon",429,55,""
"GET /api/portal-admin/config","nobody",429,55,""
"GET /api/portal-admin/config","viewer",429,55,""
"GET /api/portal-admin/config","manager",429,55,""
"GET /api/portal-admin/config","admin",429,55,""
"GET /api/portal-admin/config","portal-admin",429,55,""
"GET /api/portal-admin/config","portal-other",429,55,""
"GET /api/portal-admin/config","portal-driver",429,55,""
"PUT /api/portal-admin/config","anon",429,55,""
"PUT /api/portal-admin/config","nobody",429,55,""
"PUT /api/portal-admin/config","viewer",429,55,""
"PUT /api/portal-admin/config","portal-admin",429,55,""
"PUT /api/portal-admin/config","portal-other",429,55,""
"PUT /api/portal-admin/config","portal-driver",429,55,""
"GET /api/portal-requests","anon",429,55,""
"GET /api/portal-requests","nobody",429,55,""
"GET /api/portal-requests","viewer",429,55,""
"GET /api/portal-requests","manager",429,55,""
"GET /api/portal-requests","admin",429,55,""
"GET /api/portal-requests","portal-admin",429,55,""
"GET /api/portal-requests","portal-other",429,55,""
"GET /api/portal-requests","portal-driver",429,55,""
"GET /api/portal-requests/count-new","anon",429,55,""
"GET /api/portal-requests/count-new","nobody",429,55,""
"GET /api/portal-requests/count-new","viewer",429,55,""
"GET /api/portal-requests/count-new","manager",429,55,""
"GET /api/portal-requests/count-new","admin",429,55,""
"GET /api/portal-requests/count-new","portal-admin",429,55,""
"GET /api/portal-requests/count-new","portal-other",429,55,""
"GET /api/portal-requests/count-new","portal-driver",429,55,""
"GET /api/portal-requests/:id","anon",429,55,""
"GET [999999999] /api/portal-requests/:id","anon",429,55,""
"GET /api/portal-requests/:id","nobody",429,55,""
"GET [999999999] /api/portal-requests/:id","nobody",429,55,""
"GET /api/portal-requests/:id","viewer",429,55,""
"GET [999999999] /api/portal-requests/:id","viewer",429,55,""
"GET /api/portal-requests/:id","manager",429,55,""
"GET [999999999] /api/portal-requests/:id","manager",429,55,""
"GET /api/portal-requests/:id","admin",429,55,""
"GET [999999999] /api/portal-requests/:id","admin",429,55,""
"GET /api/portal-requests/:id","portal-admin",429,55,""
"GET [999999999] /api/portal-requests/:id","portal-admin",429,55,""
"GET /api/portal-requests/:id","portal-other",429,55,""
"GET [999999999] /api/portal-requests/:id","portal-other",429,55,""
"GET /api/portal-requests/:id","portal-driver",429,55,""
"GET [999999999] /api/portal-requests/:id","portal-driver",429,55,""
"GET /api/portal-requests/:id/attachments/:attachmentId","anon",429,55,""
"GET [999999999] /api/portal-requests/:id/attachments/:attachmentId","anon",429,55,""
"GET /api/portal-requests/:id/attachments/:attachmentId","nobody",429,55,""
"GET [999999999] /api/portal-requests/:id/attachments/:attachmentId","nobody",429,55,""
"GET /api/portal-requests/:id/attachments/:attachmentId","viewer",429,55,""
"GET [999999999] /api/portal-requests/:id/attachments/:attachmentId","viewer",429,55,""
"GET /api/portal-requests/:id/attachments/:attachmentId","manager",429,55,""
"GET [999999999] /api/portal-requests/:id/attachments/:attachmentId","manager",429,55,""
"GET /api/portal-requests/:id/attachments/:attachmentId","admin",429,55,""
"GET [999999999] /api/portal-requests/:id/attachments/:attachmentId","admin",429,55,""
"GET /api/portal-requests/:id/attachments/:attachmentId","portal-admin",429,55,""
"GET [999999999] /api/portal-requests/:id/attachments/:attachmentId","portal-admin",429,55,""
"GET /api/portal-requests/:id/attachments/:attachmentId","portal-other",429,55,""
"GET [999999999] /api/portal-requests/:id/attachments/:attachmentId","portal-other",429,55,""
"GET /api/portal-requests/:id/attachments/:attachmentId","portal-driver",429,55,""
"GET [999999999] /api/portal-requests/:id/attachments/:attachmentId","portal-driver",429,55,""
"POST /api/portal-requests/:id/messages","anon",429,55,""
"POST /api/portal-requests/:id/messages","nobody",429,55,""
"POST /api/portal-requests/:id/messages","viewer",429,55,""
"POST /api/portal-requests/:id/messages","portal-admin",429,55,""
"POST /api/portal-requests/:id/messages","portal-other",429,55,""
"POST /api/portal-requests/:id/messages","portal-driver",429,55,""
"POST /api/portal-requests/:id/take","anon",429,55,""
"POST /api/portal-requests/:id/take","nobody",429,55,""
"POST /api/portal-requests/:id/take","viewer",429,55,""
"POST /api/portal-requests/:id/take","portal-admin",429,55,""
"POST /api/portal-requests/:id/take","portal-other",429,55,""
"POST /api/portal-requests/:id/take","portal-driver",429,55,""
"POST /api/portal-requests/:id/reply","anon",429,55,""
"POST /api/portal-requests/:id/reply","nobody",429,55,""
"POST /api/portal-requests/:id/reply","viewer",429,55,""
"POST /api/portal-requests/:id/reply","portal-admin",429,55,""
"POST /api/portal-requests/:id/reply","portal-other",429,55,""
"POST /api/portal-requests/:id/reply","portal-driver",429,55,""
"GET /api/portal-requests/:id/alternatives","anon",429,55,""
"GET [999999999] /api/portal-requests/:id/alternatives","anon",429,55,""
"GET /api/portal-requests/:id/alternatives","nobody",429,55,""
"GET [999999999] /api/portal-requests/:id/alternatives","nobody",429,55,""
"GET /api/portal-requests/:id/alternatives","viewer",429,55,""
"GET [999999999] /api/portal-requests/:id/alternatives","viewer",429,55,""
"GET /api/portal-requests/:id/alternatives","manager",429,55,""
"GET [999999999] /api/portal-requests/:id/alternatives","manager",429,55,""
"GET /api/portal-requests/:id/alternatives","admin",429,55,""
"GET [999999999] /api/portal-requests/:id/alternatives","admin",429,55,""
"GET /api/portal-requests/:id/alternatives","portal-admin",429,55,""
"GET [999999999] /api/portal-requests/:id/alternatives","portal-admin",429,55,""
"GET /api/portal-requests/:id/alternatives","portal-other",429,55,""
"GET [999999999] /api/portal-requests/:id/alternatives","portal-other",429,55,""
"GET /api/portal-requests/:id/alternatives","portal-driver",429,55,""
"GET [999999999] /api/portal-requests/:id/alternatives","portal-driver",429,55,""
"POST /api/portal-requests/:id/approve","anon",429,55,""
"POST /api/portal-requests/:id/approve","nobody",429,55,""
"POST /api/portal-requests/:id/approve","viewer",429,55,""
"POST /api/portal-requests/:id/approve","portal-admin",429,55,""
"POST /api/portal-requests/:id/approve","portal-other",429,55,""
"POST /api/portal-requests/:id/approve","portal-driver",429,55,""
"GET /api/transport-report-templates/default","anon",429,55,""
"GET /api/transport-report-templates/default","nobody",429,55,""
"GET /api/transport-report-templates/default","viewer",429,55,""
"GET /api/transport-report-templates/default","manager",429,55,""
"GET /api/transport-report-templates/default","admin",429,55,""
"GET /api/transport-report-templates/default","portal-admin",429,55,""
"GET /api/transport-report-templates/default","portal-other",429,55,""
"GET /api/transport-report-templates/default","portal-driver",429,55,""
"GET /api/transport-report-templates/:id","anon",429,55,""
"GET [999999999] /api/transport-report-templates/:id","anon",429,55,""
"GET /api/transport-report-templates/:id","nobody",429,55,""
"GET [999999999] /api/transport-report-templates/:id","nobody",429,55,""
"GET /api/transport-report-templates/:id","viewer",429,55,""
"GET [999999999] /api/transport-report-templates/:id","viewer",429,55,""
"GET /api/transport-report-templates/:id","manager",429,55,""
"GET [999999999] /api/transport-report-templates/:id","manager",429,55,""
"GET /api/transport-report-templates/:id","admin",429,55,""
"GET [999999999] /api/transport-report-templates/:id","admin",429,55,""
"GET /api/transport-report-templates/:id","portal-admin",429,55,""
"GET [999999999] /api/transport-report-templates/:id","portal-admin",429,55,""
"GET /api/transport-report-templates/:id","portal-other",429,55,""
"GET [999999999] /api/transport-report-templates/:id","portal-other",429,55,""
"GET /api/transport-report-templates/:id","portal-driver",429,55,""
"GET [999999999] /api/transport-report-templates/:id","portal-driver",429,55,""
"GET /api/transport-report-templates/:id/preview","anon",429,55,""
"GET [999999999] /api/transport-report-templates/:id/preview","anon",429,55,""
"GET /api/transport-report-templates/:id/preview","nobody",429,55,""
"GET [999999999] /api/transport-report-templates/:id/preview","nobody",429,55,""
"GET /api/transport-report-templates/:id/preview","viewer",429,55,""
"GET [999999999] /api/transport-report-templates/:id/preview","viewer",429,55,""
"GET /api/transport-report-templates/:id/preview","manager",429,55,""
"GET [999999999] /api/transport-report-templates/:id/preview","manager",429,55,""
"GET /api/transport-report-templates/:id/preview","admin",429,55,""
"GET [999999999] /api/transport-report-templates/:id/preview","admin",429,55,""
"GET /api/transport-report-templates/:id/preview","portal-admin",429,55,""
"GET [999999999] /api/transport-report-templates/:id/preview","portal-admin",429,55,""
"GET /api/transport-report-templates/:id/preview","portal-other",429,55,""
"GET [999999999] /api/transport-report-templates/:id/preview","portal-other",429,55,""
"GET /api/transport-report-templates/:id/preview","portal-driver",429,55,""
"GET [999999999] /api/transport-report-templates/:id/preview","portal-driver",429,55,""
"POST /api/transport-report-templates","anon",429,55,""
"POST /api/transport-report-templates","nobody",429,55,""
"POST /api/transport-report-templates","viewer",429,55,""
"POST /api/transport-report-templates","portal-admin",429,55,""
"POST /api/transport-report-templates","portal-other",429,55,""
"POST /api/transport-report-templates","portal-driver",429,55,""
"PATCH /api/transport-report-templates/:id","anon",429,55,""
"PATCH /api/transport-report-templates/:id","nobody",429,55,""
"PATCH /api/transport-report-templates/:id","viewer",429,55,""
"PATCH /api/transport-report-templates/:id","portal-admin",429,55,""
"PATCH /api/transport-report-templates/:id","portal-other",429,55,""
"PATCH /api/transport-report-templates/:id","portal-driver",429,55,""
"DELETE /api/transport-report-templates/:id","anon",429,55,""
"DELETE /api/transport-report-templates/:id","nobody",429,55,""
"DELETE /api/transport-report-templates/:id","viewer",429,55,""
"DELETE /api/transport-report-templates/:id","portal-admin",429,55,""
"DELETE /api/transport-report-templates/:id","portal-other",429,55,""
"DELETE /api/transport-report-templates/:id","portal-driver",429,55,""
"GET /api/barcode-label-templates","anon",429,55,""
"GET /api/barcode-label-templates","nobody",429,55,""
"GET /api/barcode-label-templates","viewer",429,55,""
"GET /api/barcode-label-templates","manager",429,55,""
"GET /api/barcode-label-templates","admin",429,55,""
"GET /api/barcode-label-templates","portal-admin",429,55,""
"GET /api/barcode-label-templates","portal-other",429,55,""
"GET /api/barcode-label-templates","portal-driver",429,55,""
"GET /api/barcode-label-templates/default","anon",429,55,""
"GET /api/barcode-label-templates/default","nobody",429,55,""
"GET /api/barcode-label-templates/default","viewer",429,55,""
"GET /api/barcode-label-templates/default","manager",429,55,""
"GET /api/barcode-label-templates/default","admin",429,55,""
"GET /api/barcode-label-templates/default","portal-admin",429,55,""
"GET /api/barcode-label-templates/default","portal-other",429,55,""
"GET /api/barcode-label-templates/default","portal-driver",429,55,""
"GET /api/barcode-label-templates/:id","anon",429,55,""
"GET [999999999] /api/barcode-label-templates/:id","anon",429,55,""
"GET /api/barcode-label-templates/:id","nobody",429,55,""
"GET [999999999] /api/barcode-label-templates/:id","nobody",429,55,""
"GET /api/barcode-label-templates/:id","viewer",429,55,""
"GET [999999999] /api/barcode-label-templates/:id","viewer",429,55,""
"GET /api/barcode-label-templates/:id","manager",429,55,""
"GET [999999999] /api/barcode-label-templates/:id","manager",429,55,""
"GET /api/barcode-label-templates/:id","admin",429,55,""
"GET [999999999] /api/barcode-label-templates/:id","admin",429,55,""
"GET /api/barcode-label-templates/:id","portal-admin",429,55,""
"GET [999999999] /api/barcode-label-templates/:id","portal-admin",429,55,""
"GET /api/barcode-label-templates/:id","portal-other",429,55,""
"GET [999999999] /api/barcode-label-templates/:id","portal-other",429,55,""
"GET /api/barcode-label-templates/:id","portal-driver",429,55,""
"GET [999999999] /api/barcode-label-templates/:id","portal-driver",429,55,""
"POST /api/barcode-label-templates","anon",429,55,""
"POST /api/barcode-label-templates","nobody",429,55,""
"POST /api/barcode-label-templates","viewer",429,55,""
"POST /api/barcode-label-templates","portal-admin",429,55,""
"POST /api/barcode-label-templates","portal-other",429,55,""
"POST /api/barcode-label-templates","portal-driver",429,55,""
"PATCH /api/barcode-label-templates/:id","anon",429,55,""
"PATCH /api/barcode-label-templates/:id","nobody",429,55,""
"PATCH /api/barcode-label-templates/:id","viewer",429,55,""
"PATCH /api/barcode-label-templates/:id","portal-admin",429,55,""
"PATCH /api/barcode-label-templates/:id","portal-other",429,55,""
"PATCH /api/barcode-label-templates/:id","portal-driver",429,55,""
"DELETE /api/barcode-label-templates/:id","anon",429,55,""
"DELETE /api/barcode-label-templates/:id","nobody",429,55,""
"DELETE /api/barcode-label-templates/:id","viewer",429,55,""
"DELETE /api/barcode-label-templates/:id","portal-admin",429,55,""
"DELETE /api/barcode-label-templates/:id","portal-other",429,55,""
"DELETE /api/barcode-label-templates/:id","portal-driver",429,55,""
"POST /api/transport-report-templates/:id/background","anon",429,55,""
"POST /api/transport-report-templates/:id/background","nobody",429,55,""
"POST /api/transport-report-templates/:id/background","viewer",429,55,""
"POST /api/transport-report-templates/:id/background","portal-admin",429,55,""
"POST /api/transport-report-templates/:id/background","portal-other",429,55,""
"POST /api/transport-report-templates/:id/background","portal-driver",429,55,""
"DELETE /api/transport-report-templates/:id/background","anon",429,55,""
"DELETE /api/transport-report-templates/:id/background","nobody",429,55,""
"DELETE /api/transport-report-templates/:id/background","viewer",429,55,""
"DELETE /api/transport-report-templates/:id/background","portal-admin",429,55,""
"DELETE /api/transport-report-templates/:id/background","portal-other",429,55,""
"DELETE /api/transport-report-templates/:id/background","portal-driver",429,55,""
"GET /api/transport-report-templates/backgrounds/all","anon",429,55,""
"GET /api/transport-report-templates/backgrounds/all","nobody",429,55,""
"GET /api/transport-report-templates/backgrounds/all","viewer",429,55,""
"GET /api/transport-report-templates/backgrounds/all","manager",429,55,""
"GET /api/transport-report-templates/backgrounds/all","admin",429,55,""
"GET /api/transport-report-templates/backgrounds/all","portal-admin",429,55,""
"GET /api/transport-report-templates/backgrounds/all","portal-other",429,55,""
"GET /api/transport-report-templates/backgrounds/all","portal-driver",429,55,""
"GET /api/transport-report-templates/:id/backgrounds","anon",429,55,""
"GET [999999999] /api/transport-report-templates/:id/backgrounds","anon",429,55,""
"GET /api/transport-report-templates/:id/backgrounds","nobody",429,55,""
"GET [999999999] /api/transport-report-templates/:id/backgrounds","nobody",429,55,""
"GET /api/transport-report-templates/:id/backgrounds","viewer",429,55,""
"GET [999999999] /api/transport-report-templates/:id/backgrounds","viewer",429,55,""
"GET /api/transport-report-templates/:id/backgrounds","manager",429,55,""
"GET [999999999] /api/transport-report-templates/:id/backgrounds","manager",429,55,""
"GET /api/transport-report-templates/:id/backgrounds","admin",429,55,""
"GET [999999999] /api/transport-report-templates/:id/backgrounds","admin",429,55,""
"GET /api/transport-report-templates/:id/backgrounds","portal-admin",429,55,""
"GET [999999999] /api/transport-report-templates/:id/backgrounds","portal-admin",429,55,""
"GET /api/transport-report-templates/:id/backgrounds","portal-other",429,55,""
"GET [999999999] /api/transport-report-templates/:id/backgrounds","portal-other",429,55,""
"GET /api/transport-report-templates/:id/backgrounds","portal-driver",429,55,""
"GET [999999999] /api/transport-report-templates/:id/backgrounds","portal-driver",429,55,""
"POST /api/transport-report-templates/:id/backgrounds","anon",429,55,""
"POST /api/transport-report-templates/:id/backgrounds","nobody",429,55,""
"POST /api/transport-report-templates/:id/backgrounds","viewer",429,55,""
"POST /api/transport-report-templates/:id/backgrounds","portal-admin",429,55,""
"POST /api/transport-report-templates/:id/backgrounds","portal-other",429,55,""
"POST /api/transport-report-templates/:id/backgrounds","portal-driver",429,55,""
"POST /api/transport-report-templates/:id/backgrounds/:backgroundId/select","anon",429,55,""
"POST /api/transport-report-templates/:id/backgrounds/:backgroundId/select","nobody",429,55,""
"POST /api/transport-report-templates/:id/backgrounds/:backgroundId/select","viewer",429,55,""
"POST /api/transport-report-templates/:id/backgrounds/:backgroundId/select","portal-admin",429,55,""
"POST /api/transport-report-templates/:id/backgrounds/:backgroundId/select","portal-other",429,55,""
"POST /api/transport-report-templates/:id/backgrounds/:backgroundId/select","portal-driver",429,55,""
"DELETE /api/transport-report-templates/:id/backgrounds/:backgroundId","anon",429,55,""
"DELETE /api/transport-report-templates/:id/backgrounds/:backgroundId","nobody",429,55,""
"DELETE /api/transport-report-templates/:id/backgrounds/:backgroundId","viewer",429,55,""
"DELETE /api/transport-report-templates/:id/backgrounds/:backgroundId","portal-admin",429,55,""
"DELETE /api/transport-report-templates/:id/backgrounds/:backgroundId","portal-other",429,55,""
"DELETE /api/transport-report-templates/:id/backgrounds/:backgroundId","portal-driver",429,55,""
"GET /api/reports/maintenance-costs","anon",429,55,""
"GET /api/reports/maintenance-costs","nobody",429,55,""
"GET /api/reports/maintenance-costs","viewer",429,55,""
"GET /api/reports/maintenance-costs","manager",429,55,""
"GET /api/reports/maintenance-costs","admin",429,55,""
"GET /api/reports/maintenance-costs","portal-admin",429,55,""
"GET /api/reports/maintenance-costs","portal-other",429,55,""
"GET /api/reports/maintenance-costs","portal-driver",429,55,""
"GET /api/reports/saved","anon",429,55,""
"GET /api/reports/saved","nobody",429,55,""
"GET /api/reports/saved","viewer",429,55,""
"GET /api/reports/saved","manager",429,55,""
"GET /api/reports/saved","admin",429,55,""
"GET /api/reports/saved","portal-admin",429,55,""
"GET /api/reports/saved","portal-other",429,55,""
"GET /api/reports/saved","portal-driver",429,55,""
"POST /api/reports/saved","anon",429,55,""
"POST /api/reports/saved","nobody",429,55,""
"POST /api/reports/saved","viewer",429,55,""
"POST /api/reports/saved","portal-admin",429,55,""
"POST /api/reports/saved","portal-other",429,55,""
"POST /api/reports/saved","portal-driver",429,55,""
"DELETE /api/reports/saved/:id","anon",429,55,""
"DELETE /api/reports/saved/:id","nobody",429,55,""
"DELETE /api/reports/saved/:id","viewer",429,55,""
"DELETE /api/reports/saved/:id","portal-admin",429,55,""
"DELETE /api/reports/saved/:id","portal-other",429,55,""
"DELETE /api/reports/saved/:id","portal-driver",429,55,""
"POST /api/reports/execute","anon",429,55,""
"POST /api/reports/execute","nobody",429,55,""
"POST /api/reports/execute","viewer",429,55,""
"POST /api/reports/execute","portal-admin",429,55,""
"POST /api/reports/execute","portal-other",429,55,""
"POST /api/reports/execute","portal-driver",429,55,""
"GET /api/reports/vehicle-financials","anon",429,55,""
"GET /api/reports/vehicle-financials","nobody",429,55,""
"GET /api/reports/vehicle-financials","viewer",429,55,""
"GET /api/reports/vehicle-financials","manager",429,55,""
"GET /api/reports/vehicle-financials","admin",429,55,""
"GET /api/reports/vehicle-financials","portal-admin",429,55,""
"GET /api/reports/vehicle-financials","portal-other",429,55,""
"GET /api/reports/vehicle-financials","portal-driver",429,55,""
"GET /api/reports/mileage-per-month","anon",429,55,""
"GET /api/reports/mileage-per-month","nobody",429,55,""
"GET /api/reports/mileage-per-month","viewer",429,55,""
"GET /api/reports/mileage-per-month","manager",429,55,""
"GET /api/reports/mileage-per-month","admin",429,55,""
"GET /api/reports/mileage-per-month","portal-admin",429,55,""
"GET /api/reports/mileage-per-month","portal-other",429,55,""
"GET /api/reports/mileage-per-month","portal-driver",429,55,""
"GET /api/settings","anon",429,55,""
"GET /api/settings","nobody",429,55,""
"GET /api/settings","viewer",429,55,""
"GET /api/settings","manager",429,55,""
"GET /api/settings","admin",429,55,""
"GET /api/settings","portal-admin",429,55,""
"GET /api/settings","portal-other",429,55,""
"GET /api/settings","portal-driver",429,55,""
"GET /api/settings/category/:category","anon",429,55,""
"GET [999999999] /api/settings/category/:category","anon",429,55,""
"GET /api/settings/category/:category","nobody",429,55,""
"GET [999999999] /api/settings/category/:category","nobody",429,55,""
"GET /api/settings/category/:category","viewer",429,55,""
"GET [999999999] /api/settings/category/:category","viewer",429,55,""
"GET /api/settings/category/:category","manager",429,55,""
"GET [999999999] /api/settings/category/:category","manager",429,55,""
"GET /api/settings/category/:category","admin",429,55,""
"GET [999999999] /api/settings/category/:category","admin",429,55,""
"GET /api/settings/category/:category","portal-admin",429,55,""
"GET [999999999] /api/settings/category/:category","portal-admin",429,55,""
"GET /api/settings/category/:category","portal-other",429,55,""
"GET [999999999] /api/settings/category/:category","portal-other",429,55,""
"GET /api/settings/category/:category","portal-driver",429,55,""
"GET [999999999] /api/settings/category/:category","portal-driver",429,55,""
"GET /api/settings/key/:key","anon",429,55,""
"GET [999999999] /api/settings/key/:key","anon",429,55,""
"GET /api/settings/key/:key","nobody",429,55,""
"GET [999999999] /api/settings/key/:key","nobody",429,55,""
"GET /api/settings/key/:key","viewer",429,55,""
"GET [999999999] /api/settings/key/:key","viewer",429,55,""
"GET /api/settings/key/:key","manager",429,55,""
"GET [999999999] /api/settings/key/:key","manager",429,55,""
"GET /api/settings/key/:key","admin",429,55,""
"GET [999999999] /api/settings/key/:key","admin",429,55,""
"GET /api/settings/key/:key","portal-admin",429,55,""
"GET [999999999] /api/settings/key/:key","portal-admin",429,55,""
"GET /api/settings/key/:key","portal-other",429,55,""
"GET [999999999] /api/settings/key/:key","portal-other",429,55,""
"GET /api/settings/key/:key","portal-driver",429,55,""
"GET [999999999] /api/settings/key/:key","portal-driver",429,55,""
"GET /api/settings/next-contract-number","anon",429,55,""
"GET /api/settings/next-contract-number","nobody",429,55,""
"GET /api/settings/next-contract-number","viewer",429,55,""
"GET /api/settings/next-contract-number","manager",429,55,""
"GET /api/settings/next-contract-number","admin",429,55,""
"GET /api/settings/next-contract-number","portal-admin",429,55,""
"GET /api/settings/next-contract-number","portal-other",429,55,""
"GET /api/settings/next-contract-number","portal-driver",429,55,""
"GET /api/settings/check-contract-number/:contractNumber","anon",429,55,""
"GET [999999999] /api/settings/check-contract-number/:contractNumber","anon",429,55,""
"GET /api/settings/check-contract-number/:contractNumber","nobody",429,55,""
"GET [999999999] /api/settings/check-contract-number/:contractNumber","nobody",429,55,""
"GET /api/settings/check-contract-number/:contractNumber","viewer",429,55,""
"GET [999999999] /api/settings/check-contract-number/:contractNumber","viewer",429,55,""
"GET /api/settings/check-contract-number/:contractNumber","manager",429,55,""
"GET [999999999] /api/settings/check-contract-number/:contractNumber","manager",429,55,""
"GET /api/settings/check-contract-number/:contractNumber","admin",429,55,""
"GET [999999999] /api/settings/check-contract-number/:contractNumber","admin",429,55,""
"GET /api/settings/check-contract-number/:contractNumber","portal-admin",429,55,""
"GET [999999999] /api/settings/check-contract-number/:contractNumber","portal-admin",429,55,""
"GET /api/settings/check-contract-number/:contractNumber","portal-other",429,55,""
"GET [999999999] /api/settings/check-contract-number/:contractNumber","portal-other",429,55,""
"GET /api/settings/check-contract-number/:contractNumber","portal-driver",429,55,""
"GET [999999999] /api/settings/check-contract-number/:contractNumber","portal-driver",429,55,""
"GET /api/settings/contract-number-conflicts/:proposedNumber","anon",429,55,""
"GET [999999999] /api/settings/contract-number-conflicts/:proposedNumber","anon",429,55,""
"GET /api/settings/contract-number-conflicts/:proposedNumber","nobody",429,55,""
"GET [999999999] /api/settings/contract-number-conflicts/:proposedNumber","nobody",429,55,""
"GET /api/settings/contract-number-conflicts/:proposedNumber","viewer",429,55,""
"GET [999999999] /api/settings/contract-number-conflicts/:proposedNumber","viewer",429,55,""
"GET /api/settings/contract-number-conflicts/:proposedNumber","manager",429,55,""
"GET [999999999] /api/settings/contract-number-conflicts/:proposedNumber","manager",429,55,""
"GET /api/settings/contract-number-conflicts/:proposedNumber","admin",429,55,""
"GET [999999999] /api/settings/contract-number-conflicts/:proposedNumber","admin",429,55,""
"GET /api/settings/contract-number-conflicts/:proposedNumber","portal-admin",429,55,""
"GET [999999999] /api/settings/contract-number-conflicts/:proposedNumber","portal-admin",429,55,""
"GET /api/settings/contract-number-conflicts/:proposedNumber","portal-other",429,55,""
"GET [999999999] /api/settings/contract-number-conflicts/:proposedNumber","portal-other",429,55,""
"GET /api/settings/contract-number-conflicts/:proposedNumber","portal-driver",429,55,""
"GET [999999999] /api/settings/contract-number-conflicts/:proposedNumber","portal-driver",429,55,""
"POST /api/settings/contract-number-override","anon",429,55,""
"POST /api/settings/contract-number-override","nobody",429,55,""
"POST /api/settings/contract-number-override","viewer",429,55,""
"POST /api/settings/contract-number-override","portal-admin",429,55,""
"POST /api/settings/contract-number-override","portal-other",429,55,""
"POST /api/settings/contract-number-override","portal-driver",429,55,""
"DELETE /api/settings/contract-number-override","anon",429,55,""
"DELETE /api/settings/contract-number-override","nobody",429,55,""
"DELETE /api/settings/contract-number-override","viewer",429,55,""
"DELETE /api/settings/contract-number-override","portal-admin",429,55,""
"DELETE /api/settings/contract-number-override","portal-other",429,55,""
"DELETE /api/settings/contract-number-override","portal-driver",429,55,""
"GET /api/settings/:id","anon",429,55,""
"GET [999999999] /api/settings/:id","anon",429,55,""
"GET /api/settings/:id","nobody",429,55,""
"GET [999999999] /api/settings/:id","nobody",429,55,""
"GET /api/settings/:id","viewer",429,55,""
"GET [999999999] /api/settings/:id","viewer",429,55,""
"GET /api/settings/:id","manager",429,55,""
"GET [999999999] /api/settings/:id","manager",429,55,""
"GET /api/settings/:id","admin",429,55,""
"GET [999999999] /api/settings/:id","admin",429,55,""
"GET /api/settings/:id","portal-admin",429,55,""
"GET [999999999] /api/settings/:id","portal-admin",429,55,""
"GET /api/settings/:id","portal-other",429,55,""
"GET [999999999] /api/settings/:id","portal-other",429,55,""
"GET /api/settings/:id","portal-driver",429,55,""
"GET [999999999] /api/settings/:id","portal-driver",429,55,""
"POST /api/settings","anon",429,55,""
"POST /api/settings","nobody",429,55,""
"POST /api/settings","viewer",429,55,""
"POST /api/settings","portal-admin",429,55,""
"POST /api/settings","portal-other",429,55,""
"POST /api/settings","portal-driver",429,55,""
"PATCH /api/settings/:id","anon",429,55,""
"PATCH /api/settings/:id","nobody",429,55,""
"PATCH /api/settings/:id","viewer",429,55,""
"PATCH /api/settings/:id","portal-admin",429,55,""
"PATCH /api/settings/:id","portal-other",429,55,""
"PATCH /api/settings/:id","portal-driver",429,55,""
"DELETE /api/settings/:id","anon",429,55,""
"DELETE /api/settings/:id","nobody",429,55,""
"DELETE /api/settings/:id","viewer",429,55,""
"DELETE /api/settings/:id","portal-admin",429,55,""
"DELETE /api/settings/:id","portal-other",429,55,""
"DELETE /api/settings/:id","portal-driver",429,55,""
"GET /api/audit-logs","anon",429,55,""
"GET /api/audit-logs","nobody",429,55,""
"GET /api/audit-logs","viewer",429,55,""
"GET /api/audit-logs","manager",429,55,""
"GET /api/audit-logs","admin",429,55,""
"GET /api/audit-logs","portal-admin",429,55,""
"GET /api/audit-logs","portal-other",429,55,""
"GET /api/audit-logs","portal-driver",429,55,""
"GET /api/audit-logs/filters","anon",429,55,""
"GET /api/audit-logs/filters","nobody",429,55,""
"GET /api/audit-logs/filters","viewer",429,55,""
"GET /api/audit-logs/filters","manager",429,55,""
"GET /api/audit-logs/filters","admin",429,55,""
"GET /api/audit-logs/filters","portal-admin",429,55,""
"GET /api/audit-logs/filters","portal-other",429,55,""
"GET /api/audit-logs/filters","portal-driver",429,55,""
"GET /api/users","anon",429,55,""
"GET /api/users","nobody",429,55,""
"GET /api/users","viewer",429,55,""
"GET /api/users","manager",429,55,""
"GET /api/users","admin",429,55,""
"GET /api/users","portal-admin",429,55,""
"GET /api/users","portal-other",429,55,""
"GET /api/users","portal-driver",429,55,""
"GET /api/users/:id","anon",429,55,""
"GET [999999999] /api/users/:id","anon",429,55,""
"GET /api/users/:id","nobody",429,55,""
"GET [999999999] /api/users/:id","nobody",429,55,""
"GET /api/users/:id","viewer",429,55,""
"GET [999999999] /api/users/:id","viewer",429,55,""
"GET /api/users/:id","manager",429,55,""
"GET [999999999] /api/users/:id","manager",429,55,""
"GET /api/users/:id","admin",429,55,""
"GET [999999999] /api/users/:id","admin",429,55,""
"GET /api/users/:id","portal-admin",429,55,""
"GET [999999999] /api/users/:id","portal-admin",429,55,""
"GET /api/users/:id","portal-other",429,55,""
"GET [999999999] /api/users/:id","portal-other",429,55,""
"GET /api/users/:id","portal-driver",429,55,""
"GET [999999999] /api/users/:id","portal-driver",429,55,""
"POST /api/users","anon",429,55,""
"POST /api/users","nobody",429,55,""
"POST /api/users","viewer",429,55,""
"POST /api/users","portal-admin",429,55,""
"POST /api/users","portal-other",429,55,""
"POST /api/users","portal-driver",429,55,""
"PATCH /api/users/:id","anon",429,55,""
"PATCH /api/users/:id","nobody",429,55,""
"PATCH /api/users/:id","viewer",429,55,""
"PATCH /api/users/:id","portal-admin",429,55,""
"PATCH /api/users/:id","portal-other",429,55,""
"PATCH /api/users/:id","portal-driver",429,55,""
"PATCH /api/users/:id/admin","anon",429,55,""
"PATCH /api/users/:id/admin","nobody",429,55,""
"PATCH /api/users/:id/admin","viewer",429,55,""
"PATCH /api/users/:id/admin","portal-admin",429,55,""
"PATCH /api/users/:id/admin","portal-other",429,55,""
"PATCH /api/users/:id/admin","portal-driver",429,55,""
"DELETE /api/users/:id","anon",429,55,""
"DELETE /api/users/:id","nobody",429,55,""
"DELETE /api/users/:id","viewer",429,55,""
"DELETE /api/users/:id","portal-admin",429,55,""
"DELETE /api/users/:id","portal-other",429,55,""
"DELETE /api/users/:id","portal-driver",429,55,""
"POST /api/users/change-password","anon",429,55,""
"POST /api/users/change-password","nobody",429,55,""
"POST /api/users/change-password","viewer",429,55,""
"POST /api/users/change-password","portal-admin",429,55,""
"POST /api/users/change-password","portal-other",429,55,""
"POST /api/users/change-password","portal-driver",429,55,""
"GET /api/vehicle-diagram-templates","anon",429,55,""
"GET /api/vehicle-diagram-templates","nobody",429,55,""
"GET /api/vehicle-diagram-templates","viewer",429,55,""
"GET /api/vehicle-diagram-templates","manager",429,55,""
"GET /api/vehicle-diagram-templates","admin",429,55,""
"GET /api/vehicle-diagram-templates","portal-admin",429,55,""
"GET /api/vehicle-diagram-templates","portal-other",429,55,""
"GET /api/vehicle-diagram-templates","portal-driver",429,55,""
"GET /api/vehicle-diagram-templates/:id","anon",429,55,""
"GET [999999999] /api/vehicle-diagram-templates/:id","anon",429,55,""
"GET /api/vehicle-diagram-templates/:id","nobody",429,55,""
"GET [999999999] /api/vehicle-diagram-templates/:id","nobody",429,55,""
"GET /api/vehicle-diagram-templates/:id","viewer",429,55,""
"GET [999999999] /api/vehicle-diagram-templates/:id","viewer",429,55,""
"GET /api/vehicle-diagram-templates/:id","manager",429,55,""
"GET [999999999] /api/vehicle-diagram-templates/:id","manager",429,55,""
"GET /api/vehicle-diagram-templates/:id","admin",429,55,""
"GET [999999999] /api/vehicle-diagram-templates/:id","admin",429,55,""
"GET /api/vehicle-diagram-templates/:id","portal-admin",429,55,""
"GET [999999999] /api/vehicle-diagram-templates/:id","portal-admin",429,55,""
"GET /api/vehicle-diagram-templates/:id","portal-other",429,55,""
"GET [999999999] /api/vehicle-diagram-templates/:id","portal-other",429,55,""
"GET /api/vehicle-diagram-templates/:id","portal-driver",429,55,""
"GET [999999999] /api/vehicle-diagram-templates/:id","portal-driver",429,55,""
"GET /api/vehicle-diagram-templates/match/:vehicleId","anon",429,55,""
"GET [999999999] /api/vehicle-diagram-templates/match/:vehicleId","anon",429,55,""
"GET /api/vehicle-diagram-templates/match/:vehicleId","nobody",429,55,""
"GET [999999999] /api/vehicle-diagram-templates/match/:vehicleId","nobody",429,55,""
"GET /api/vehicle-diagram-templates/match/:vehicleId","viewer",429,55,""
"GET [999999999] /api/vehicle-diagram-templates/match/:vehicleId","viewer",429,55,""
"GET /api/vehicle-diagram-templates/match/:vehicleId","manager",429,55,""
"GET [999999999] /api/vehicle-diagram-templates/match/:vehicleId","manager",429,55,""
"GET /api/vehicle-diagram-templates/match/:vehicleId","admin",429,55,""
"GET [999999999] /api/vehicle-diagram-templates/match/:vehicleId","admin",429,55,""
"GET /api/vehicle-diagram-templates/match/:vehicleId","portal-admin",429,55,""
"GET [999999999] /api/vehicle-diagram-templates/match/:vehicleId","portal-admin",429,55,""
"GET /api/vehicle-diagram-templates/match/:vehicleId","portal-other",429,55,""
"GET [999999999] /api/vehicle-diagram-templates/match/:vehicleId","portal-other",429,55,""
"GET /api/vehicle-diagram-templates/match/:vehicleId","portal-driver",429,55,""
"GET [999999999] /api/vehicle-diagram-templates/match/:vehicleId","portal-driver",429,55,""
"POST /api/vehicle-diagram-templates","anon",429,55,""
"POST /api/vehicle-diagram-templates","nobody",429,55,""
"POST /api/vehicle-diagram-templates","viewer",429,55,""
"POST /api/vehicle-diagram-templates","portal-admin",429,55,""
"POST /api/vehicle-diagram-templates","portal-other",429,55,""
"POST /api/vehicle-diagram-templates","portal-driver",429,55,""
"PATCH /api/vehicle-diagram-templates/:id","anon",429,55,""
"PATCH /api/vehicle-diagram-templates/:id","nobody",429,55,""
"PATCH /api/vehicle-diagram-templates/:id","viewer",429,55,""
"PATCH /api/vehicle-diagram-templates/:id","portal-admin",429,55,""
"PATCH /api/vehicle-diagram-templates/:id","portal-other",429,55,""
"PATCH /api/vehicle-diagram-templates/:id","portal-driver",429,55,""
"DELETE /api/vehicle-diagram-templates/:id","anon",429,55,""
"DELETE /api/vehicle-diagram-templates/:id","nobody",429,55,""
"DELETE /api/vehicle-diagram-templates/:id","viewer",429,55,""
"DELETE /api/vehicle-diagram-templates/:id","portal-admin",429,55,""
"DELETE /api/vehicle-diagram-templates/:id","portal-other",429,55,""
"DELETE /api/vehicle-diagram-templates/:id","portal-driver",429,55,""
"GET /api/vehicle-diagram-templates/:id/image","anon",429,55,""
"GET [999999999] /api/vehicle-diagram-templates/:id/image","anon",429,55,""
"GET /api/vehicle-diagram-templates/:id/image","nobody",429,55,""
"GET [999999999] /api/vehicle-diagram-templates/:id/image","nobody",429,55,""
"GET /api/vehicle-diagram-templates/:id/image","viewer",429,55,""
"GET [999999999] /api/vehicle-diagram-templates/:id/image","viewer",429,55,""
"GET /api/vehicle-diagram-templates/:id/image","manager",429,55,""
"GET [999999999] /api/vehicle-diagram-templates/:id/image","manager",429,55,""
"GET /api/vehicle-diagram-templates/:id/image","admin",429,55,""
"GET [999999999] /api/vehicle-diagram-templates/:id/image","admin",429,55,""
"GET /api/vehicle-diagram-templates/:id/image","portal-admin",429,55,""
"GET [999999999] /api/vehicle-diagram-templates/:id/image","portal-admin",429,55,""
"GET /api/vehicle-diagram-templates/:id/image","portal-other",429,55,""
"GET [999999999] /api/vehicle-diagram-templates/:id/image","portal-other",429,55,""
"GET /api/vehicle-diagram-templates/:id/image","portal-driver",429,55,""
"GET [999999999] /api/vehicle-diagram-templates/:id/image","portal-driver",429,55,""
"GET /api/vehicles/with-reservations","anon",429,55,""
"GET /api/vehicles/with-reservations","nobody",429,55,""
"GET /api/vehicles/with-reservations","viewer",429,55,""
"GET /api/vehicles/with-reservations","manager",429,55,""
"GET /api/vehicles/with-reservations","admin",429,55,""
"GET /api/vehicles/with-reservations","portal-admin",429,55,""
"GET /api/vehicles/with-reservations","portal-other",429,55,""
"GET /api/vehicles/with-reservations","portal-driver",429,55,""
